-- phpMyAdmin SQL Dump
-- version 4.6.5.2
-- https://www.phpmyadmin.net/
--
-- Host: 127.0.0.1
-- Generation Time: Jul 20, 2018 at 03:06 AM
-- Server version: 10.1.21-MariaDB
-- PHP Version: 7.1.1

SET SQL_MODE = "NO_AUTO_VALUE_ON_ZERO";
SET time_zone = "+00:00";


/*!40101 SET @OLD_CHARACTER_SET_CLIENT=@@CHARACTER_SET_CLIENT */;
/*!40101 SET @OLD_CHARACTER_SET_RESULTS=@@CHARACTER_SET_RESULTS */;
/*!40101 SET @OLD_COLLATION_CONNECTION=@@COLLATION_CONNECTION */;
/*!40101 SET NAMES utf8mb4 */;

--
-- Database: `eapi`
--

-- --------------------------------------------------------

--
-- Table structure for table `migrations`
--

CREATE TABLE `migrations` (
  `id` int(10) UNSIGNED NOT NULL,
  `migration` varchar(255) COLLATE utf8mb4_unicode_ci NOT NULL,
  `batch` int(11) NOT NULL
) ENGINE=InnoDB DEFAULT CHARSET=utf8mb4 COLLATE=utf8mb4_unicode_ci;

--
-- Dumping data for table `migrations`
--

INSERT INTO `migrations` (`id`, `migration`, `batch`) VALUES
(1, '2014_10_12_000000_create_users_table', 1),
(2, '2014_10_12_100000_create_password_resets_table', 1),
(3, '2018_07_19_225713_create_products_table', 1),
(4, '2018_07_19_230516_create_reviews_table', 1);

-- --------------------------------------------------------

--
-- Table structure for table `password_resets`
--

CREATE TABLE `password_resets` (
  `email` varchar(191) COLLATE utf8mb4_unicode_ci NOT NULL,
  `token` varchar(191) COLLATE utf8mb4_unicode_ci NOT NULL,
  `created_at` timestamp NULL DEFAULT NULL
) ENGINE=InnoDB DEFAULT CHARSET=utf8mb4 COLLATE=utf8mb4_unicode_ci;

-- --------------------------------------------------------

--
-- Table structure for table `products`
--

CREATE TABLE `products` (
  `id` int(10) UNSIGNED NOT NULL,
  `name` varchar(191) COLLATE utf8mb4_unicode_ci NOT NULL,
  `detail` text COLLATE utf8mb4_unicode_ci NOT NULL,
  `price` int(11) NOT NULL,
  `discount` int(11) NOT NULL,
  `stock` int(11) NOT NULL,
  `created_at` timestamp NULL DEFAULT NULL,
  `updated_at` timestamp NULL DEFAULT NULL
) ENGINE=InnoDB DEFAULT CHARSET=utf8mb4 COLLATE=utf8mb4_unicode_ci;

--
-- Dumping data for table `products`
--

INSERT INTO `products` (`id`, `name`, `detail`, `price`, `discount`, `stock`, `created_at`, `updated_at`) VALUES
(1, 'totam', 'Unde velit dignissimos id sed et omnis veritatis. Quia hic commodi blanditiis est unde cupiditate ea incidunt.', 463, 11, 7, '2018-07-19 19:34:59', '2018-07-19 19:34:59'),
(2, 'ipsum', 'Esse dolorum magnam eius qui soluta itaque eos voluptates. Aspernatur cumque autem sed et. At qui sit unde dolorum rerum in laboriosam voluptatem.', 381, 11, 7, '2018-07-19 19:34:59', '2018-07-19 19:34:59'),
(3, 'expedita', 'Est incidunt et aut explicabo consequatur repellat. Voluptate voluptatem molestiae quisquam est ullam molestiae fugit. Neque omnis tenetur corporis nemo. Est et atque odio dolores sequi pariatur incidunt.', 681, 23, 6, '2018-07-19 19:34:59', '2018-07-19 19:34:59'),
(4, 'aliquam', 'Error aut qui labore eveniet. Veritatis fugit et qui vel laboriosam a. Voluptatem officia saepe autem optio. Maiores vel ipsum qui iusto.', 144, 20, 9, '2018-07-19 19:35:00', '2018-07-19 19:35:00'),
(5, 'voluptatem', 'Eum omnis et dolor molestiae sequi ullam. Et voluptate autem soluta eum. Modi molestiae soluta culpa quaerat.', 147, 20, 8, '2018-07-19 19:35:00', '2018-07-19 19:35:00'),
(6, 'consequatur', 'Et aliquam explicabo eius maiores hic qui. Et qui perspiciatis saepe asperiores. Rem et assumenda quia nihil quia recusandae.', 802, 12, 6, '2018-07-19 19:35:00', '2018-07-19 19:35:00'),
(7, 'ut', 'Aut eveniet ab similique. Qui repellendus et fugit ad excepturi cupiditate quia. Illo asperiores voluptate consequatur cumque enim. Reprehenderit quisquam alias sit voluptatibus. Doloribus assumenda accusamus suscipit illum sed et.', 135, 2, 8, '2018-07-19 19:35:00', '2018-07-19 19:35:00'),
(8, 'voluptas', 'Ut rerum voluptatem placeat sit quisquam adipisci quisquam. Molestiae ut delectus officiis qui suscipit consequatur ea. Ad vero doloremque nostrum suscipit hic vel vitae.', 365, 12, 5, '2018-07-19 19:35:00', '2018-07-19 19:35:00'),
(9, 'et', 'Aut repudiandae aspernatur incidunt enim amet quas quo. Deleniti recusandae cupiditate beatae. Minima ea voluptatem nulla ea atque. Fuga explicabo labore vel excepturi eius ut earum libero.', 424, 4, 5, '2018-07-19 19:35:00', '2018-07-19 19:35:00'),
(10, 'aut', 'Dolor voluptas veniam corporis dignissimos. Non illum vel quia neque in.', 769, 6, 6, '2018-07-19 19:35:00', '2018-07-19 19:35:00'),
(11, 'id', 'Quia amet amet deleniti. Ea velit qui laudantium odio error eum. Impedit harum doloribus ullam ratione sed debitis hic ad. Quia et veritatis minima ut modi praesentium laborum.', 900, 5, 5, '2018-07-19 19:35:00', '2018-07-19 19:35:00'),
(12, 'quod', 'Iure similique animi et nam cumque. Facilis laboriosam qui facere est. Qui reiciendis qui doloribus quas. Odit dolorem nam error expedita voluptatem dolore saepe.', 293, 22, 6, '2018-07-19 19:35:00', '2018-07-19 19:35:00'),
(13, 'assumenda', 'Eum ipsa id atque tenetur enim quasi aut. Natus quia alias vel iste maiores magnam. Dicta voluptatibus totam est quasi. Iusto non ratione id non suscipit corporis alias.', 166, 27, 5, '2018-07-19 19:35:00', '2018-07-19 19:35:00'),
(14, 'corrupti', 'Et qui voluptate a voluptatem quod. Quibusdam perferendis non iure sequi similique ut dicta. Quo ea et eos nesciunt quam est facere. Aut ipsa tempora quo qui.', 661, 2, 4, '2018-07-19 19:35:00', '2018-07-19 19:35:00'),
(15, 'eaque', 'Non beatae facilis officiis iste itaque. Accusantium enim et laudantium quos.', 610, 21, 2, '2018-07-19 19:35:00', '2018-07-19 19:35:00'),
(16, 'provident', 'Quaerat cum magnam sapiente suscipit molestiae reiciendis. Praesentium impedit facilis iure delectus voluptatem commodi. Veritatis sunt quo expedita quasi saepe quo.', 768, 8, 1, '2018-07-19 19:35:00', '2018-07-19 19:35:00'),
(17, 'modi', 'Rerum molestias asperiores autem aut libero. Architecto debitis molestiae hic.', 463, 20, 6, '2018-07-19 19:35:00', '2018-07-19 19:35:00'),
(18, 'ut', 'Fugiat officiis nihil omnis qui. Molestias nihil hic voluptate non earum. Rerum aliquam rem magnam nisi eos minus omnis.', 709, 8, 7, '2018-07-19 19:35:00', '2018-07-19 19:35:00'),
(19, 'iusto', 'Rerum voluptatum dolor est molestias officia culpa impedit nam. Eos ad non sequi hic enim. Qui sint atque possimus laudantium. Voluptates rerum quia atque beatae vel et.', 400, 11, 8, '2018-07-19 19:35:00', '2018-07-19 19:35:00'),
(20, 'non', 'Modi et qui in animi. Voluptatem aliquam repudiandae numquam necessitatibus modi quidem enim. Maxime velit rem a cupiditate soluta error nulla. Harum odio incidunt quia aut officiis maxime consequatur.', 340, 18, 3, '2018-07-19 19:35:00', '2018-07-19 19:35:00'),
(21, 'voluptatum', 'Quos in illum assumenda illo quia qui nihil dicta. Enim aperiam nemo earum doloribus aliquid dolores qui. Ipsam ut eveniet cum voluptatem sunt provident sunt. Ad praesentium quo eos sapiente nulla reiciendis repellat.', 436, 24, 4, '2018-07-19 19:35:00', '2018-07-19 19:35:00'),
(22, 'repellendus', 'Modi sed ex est. Adipisci numquam tempore ullam qui deleniti sint sint repudiandae. Odit temporibus porro recusandae nulla eius dolores.', 828, 26, 8, '2018-07-19 19:35:00', '2018-07-19 19:35:00'),
(23, 'id', 'Voluptas officia rerum qui beatae. Quibusdam perferendis voluptatibus aut sunt deserunt a esse earum. Voluptate recusandae quae velit quis in occaecati. Suscipit quasi voluptas voluptates deleniti. Eos omnis consequatur nihil explicabo eaque quis.', 105, 13, 9, '2018-07-19 19:35:01', '2018-07-19 19:35:01'),
(24, 'adipisci', 'Aut odio optio impedit. Doloribus quasi dolores qui impedit commodi recusandae. Iusto ea perferendis qui quae minus.', 381, 15, 9, '2018-07-19 19:35:01', '2018-07-19 19:35:01'),
(25, 'vitae', 'Id similique quia qui porro voluptatem et quidem perspiciatis. Asperiores ipsum aut temporibus incidunt necessitatibus et. Beatae amet ut odio error quia sint rerum. Dolore velit quia ea dolore quis iure nulla. Dolore incidunt et tempora rerum architecto.', 556, 18, 8, '2018-07-19 19:35:01', '2018-07-19 19:35:01'),
(26, 'enim', 'Est doloremque quia impedit aliquid omnis. Voluptatem magni maxime quia rem qui. Quis consectetur temporibus veniam rerum magnam laborum. Nobis sed repudiandae enim fuga nesciunt officia et sed.', 602, 13, 8, '2018-07-19 19:35:01', '2018-07-19 19:35:01'),
(27, 'aspernatur', 'Consectetur officia nostrum nobis natus qui. Labore nesciunt ea aliquam qui error. Consequuntur et velit exercitationem similique enim. Aut fugiat a ut doloremque adipisci ut.', 763, 4, 5, '2018-07-19 19:35:01', '2018-07-19 19:35:01'),
(28, 'consequatur', 'Omnis in error consequatur ex. Laudantium provident dicta sit. Aliquam explicabo nihil at quia.', 309, 2, 9, '2018-07-19 19:35:01', '2018-07-19 19:35:01'),
(29, 'velit', 'Nihil aut laudantium debitis molestiae harum. Itaque et dolorem commodi. Consequatur nulla quidem qui debitis et ipsum.', 960, 20, 8, '2018-07-19 19:35:01', '2018-07-19 19:35:01'),
(30, 'ducimus', 'Illum odio dolorem architecto eveniet quis nesciunt qui eveniet. Repellendus quam distinctio maiores omnis expedita nihil unde. Et aut exercitationem harum. Omnis blanditiis eligendi laboriosam repellendus.', 895, 19, 5, '2018-07-19 19:35:01', '2018-07-19 19:35:01'),
(31, 'quos', 'Aut voluptas dolorum dolorum autem hic sit dolores. Molestiae sapiente et quo soluta voluptatem ad quo. Est sed fuga animi quod. Nihil qui dolorem voluptatem velit et.', 142, 23, 8, '2018-07-19 19:35:01', '2018-07-19 19:35:01'),
(32, 'molestias', 'Qui laborum reiciendis ab eos odit sequi nulla. Accusamus enim blanditiis sint atque consequuntur quia nostrum eos. Dicta at minima voluptas sint doloribus minima. Minus non molestiae unde quidem asperiores debitis.', 856, 16, 2, '2018-07-19 19:35:01', '2018-07-19 19:35:01'),
(33, 'et', 'Blanditiis eos ut qui blanditiis ut iure. Et dolor et sequi mollitia et. Non rerum et magni quidem saepe consequatur.', 769, 8, 4, '2018-07-19 19:35:01', '2018-07-19 19:35:01'),
(34, 'aspernatur', 'Eos quos eum facilis ipsum. Nisi laudantium et in sequi. Necessitatibus nesciunt exercitationem cum molestiae.', 191, 10, 5, '2018-07-19 19:35:01', '2018-07-19 19:35:01'),
(35, 'neque', 'Molestiae et numquam vitae iusto numquam facilis. Facilis dolores id culpa voluptatem voluptatem. Eius et omnis eius ipsam vero praesentium.', 123, 4, 6, '2018-07-19 19:35:01', '2018-07-19 19:35:01'),
(36, 'aut', 'Est reprehenderit culpa libero ut odio nostrum. At animi sapiente inventore provident et. Tenetur non in ea et pariatur.', 257, 20, 4, '2018-07-19 19:35:01', '2018-07-19 19:35:01'),
(37, 'veritatis', 'Rerum sapiente laborum hic hic. Voluptatem voluptatem aut optio magni. Ipsa dolor exercitationem accusamus rerum sequi.', 174, 21, 9, '2018-07-19 19:35:01', '2018-07-19 19:35:01'),
(38, 'magni', 'Excepturi sit eligendi veritatis temporibus aut tempore. Molestiae laudantium ut sed eos adipisci illo voluptas. Eum velit eligendi id totam nulla culpa nihil. Accusantium perferendis illum molestiae omnis repudiandae non.', 989, 5, 2, '2018-07-19 19:35:01', '2018-07-19 19:35:01'),
(39, 'ad', 'Aliquid earum quo molestiae porro fuga. Dolorem nihil qui aspernatur. Sunt vero pariatur velit rerum.', 768, 24, 4, '2018-07-19 19:35:01', '2018-07-19 19:35:01'),
(40, 'sapiente', 'Impedit et aut velit quibusdam aut ab. Dicta voluptatem ad laudantium nobis dolor est assumenda. Autem fugiat deserunt sed sunt at quam.', 214, 4, 0, '2018-07-19 19:35:01', '2018-07-19 19:35:01'),
(41, 'labore', 'Placeat et eos voluptatem sint hic officiis. Molestiae consequuntur adipisci et harum tempora quo eum. Voluptas consequatur nobis voluptatibus laudantium et iure velit. Sed architecto non dolorem voluptatem omnis occaecati et quod.', 291, 30, 8, '2018-07-19 19:35:01', '2018-07-19 19:35:01'),
(42, 'nobis', 'Sed in eos aut qui blanditiis. Omnis enim qui et aliquid et est vero. Dicta voluptatum et itaque est.', 366, 29, 8, '2018-07-19 19:35:01', '2018-07-19 19:35:01'),
(43, 'aliquam', 'A nisi quaerat ut. Quos recusandae maxime quaerat consequatur qui nulla. In aspernatur veniam consequuntur qui quo.', 415, 14, 0, '2018-07-19 19:35:01', '2018-07-19 19:35:01'),
(44, 'delectus', 'Nobis id debitis ex qui pariatur quam. Sit magnam quae aperiam ut a sapiente. Nostrum ullam enim facere aspernatur beatae occaecati. Eum eos facere aut.', 304, 26, 2, '2018-07-19 19:35:01', '2018-07-19 19:35:01'),
(45, 'architecto', 'Amet ea enim dolorum voluptates commodi molestiae. Et tempore quis distinctio voluptate eum. Qui est occaecati qui incidunt cupiditate sit. Et explicabo neque sapiente et.', 465, 27, 2, '2018-07-19 19:35:01', '2018-07-19 19:35:01'),
(46, 'cumque', 'Voluptatibus sunt qui vel aliquam eum. Saepe itaque est aut alias quae et esse. Dolore accusantium nisi eius ad hic.', 536, 26, 9, '2018-07-19 19:35:01', '2018-07-19 19:35:01'),
(47, 'cupiditate', 'Voluptatum sunt voluptas distinctio aut facere voluptate quia. Sed laudantium iure ut dolor architecto voluptatum. Dolores ex est temporibus aliquam voluptatem modi enim dolor. Non repellat nisi iusto optio a harum amet. Omnis ipsum fugiat molestiae quam aperiam nobis repudiandae aut.', 134, 8, 9, '2018-07-19 19:35:02', '2018-07-19 19:35:02'),
(48, 'fugiat', 'Quod ea qui quae quibusdam nam nam consequatur. Facilis rerum laudantium quod quasi eos. Culpa qui praesentium ullam voluptatum expedita aperiam. Dicta autem iure nihil natus accusantium ipsa.', 344, 18, 2, '2018-07-19 19:35:02', '2018-07-19 19:35:02'),
(49, 'quasi', 'Ut illum numquam et aut incidunt doloremque. Et veniam distinctio cum. Non unde ad quis at ad ea. Unde vel voluptas minus quis autem.', 885, 27, 1, '2018-07-19 19:35:02', '2018-07-19 19:35:02'),
(50, 'perspiciatis', 'Qui et ut eos laudantium et eveniet. Laudantium ipsum id nesciunt sit dolorem voluptas at officiis. Dicta id aspernatur nesciunt voluptatem maiores ab dolor eius. Voluptatem voluptatem minus qui unde magnam et.', 666, 21, 8, '2018-07-19 19:35:02', '2018-07-19 19:35:02');

-- --------------------------------------------------------

--
-- Table structure for table `reviews`
--

CREATE TABLE `reviews` (
  `id` int(10) UNSIGNED NOT NULL,
  `product_id` int(10) UNSIGNED NOT NULL,
  `customer` varchar(191) COLLATE utf8mb4_unicode_ci NOT NULL,
  `review` text COLLATE utf8mb4_unicode_ci NOT NULL,
  `star` int(11) NOT NULL,
  `created_at` timestamp NULL DEFAULT NULL,
  `updated_at` timestamp NULL DEFAULT NULL
) ENGINE=InnoDB DEFAULT CHARSET=utf8mb4 COLLATE=utf8mb4_unicode_ci;

--
-- Dumping data for table `reviews`
--

INSERT INTO `reviews` (`id`, `product_id`, `customer`, `review`, `star`, `created_at`, `updated_at`) VALUES
(1, 23, 'Prof. Edward Schultz', 'Iste iusto voluptas eligendi saepe. Qui voluptatem non iste aperiam. Eius magnam quidem quas asperiores.', 2, '2018-07-19 19:35:02', '2018-07-19 19:35:02'),
(2, 19, 'Prof. Marilie Keeling', 'Quaerat sed at non laudantium qui et. Suscipit corporis eaque voluptatem tenetur. Deleniti repellat occaecati neque est magnam asperiores. Omnis modi dolorem qui quod consequatur animi ab.', 5, '2018-07-19 19:35:02', '2018-07-19 19:35:02'),
(3, 45, 'Serenity Pacocha', 'Ut enim sapiente et nihil. Consequatur laudantium repellat consequatur veniam delectus corrupti. Molestiae fuga et necessitatibus libero hic labore nostrum. Consequatur aut dignissimos corrupti rerum quo ratione fuga cumque.', 5, '2018-07-19 19:35:02', '2018-07-19 19:35:02'),
(4, 34, 'Floy Collier', 'Libero molestiae facere illum. Laboriosam totam non at assumenda eligendi eos. Earum cumque consequatur eos veritatis omnis. Suscipit sunt tempore ratione laudantium. Dolor sapiente qui magni id.', 1, '2018-07-19 19:35:02', '2018-07-19 19:35:02'),
(5, 18, 'Mr. Monte Fahey', 'Velit ullam est et aut. Similique veniam illo velit deleniti adipisci ut natus. Quidem odio quasi cupiditate reprehenderit.', 5, '2018-07-19 19:35:03', '2018-07-19 19:35:03'),
(6, 43, 'Dr. Magnus Lowe', 'Praesentium qui sequi vero corporis doloremque. Aut ipsa perspiciatis magnam libero fuga fugit. Et rerum debitis nam rerum consectetur in. Totam id deserunt enim maiores.', 5, '2018-07-19 19:35:03', '2018-07-19 19:35:03'),
(7, 35, 'Hilda Homenick', 'Laudantium dolorem modi pariatur eveniet earum magni. Exercitationem alias dolore veniam quia suscipit maxime eveniet.', 0, '2018-07-19 19:35:03', '2018-07-19 19:35:03'),
(8, 27, 'Davin Schimmel', 'Explicabo saepe blanditiis sapiente enim tenetur quo eaque. Rerum quo voluptatem deserunt illum totam iure suscipit. Odit itaque voluptatum ut est.', 5, '2018-07-19 19:35:03', '2018-07-19 19:35:03'),
(9, 6, 'Dr. Maxime Rippin', 'Aliquam velit nulla sit commodi velit blanditiis nam. Eaque illum dicta reprehenderit sed ratione quas. Sequi maiores modi nisi est et. Nobis rerum cupiditate quis.', 5, '2018-07-19 19:35:03', '2018-07-19 19:35:03'),
(10, 19, 'Mrs. Nadia Moore', 'Qui ut eveniet perferendis et molestiae. Minus ducimus omnis voluptatem qui occaecati expedita corrupti.', 5, '2018-07-19 19:35:03', '2018-07-19 19:35:03'),
(11, 19, 'Mr. Cooper Carter', 'Culpa laborum voluptatem amet asperiores nemo quod esse et. Earum ducimus provident commodi veniam necessitatibus recusandae. Et rerum dolorum mollitia vitae. Maxime omnis aliquam illo voluptatem.', 4, '2018-07-19 19:35:03', '2018-07-19 19:35:03'),
(12, 31, 'Zachery Weber', 'Illum aut et adipisci et. Quae consequatur nihil eligendi at sint nam nemo. Aspernatur ut ipsum voluptatem repellat.', 5, '2018-07-19 19:35:03', '2018-07-19 19:35:03'),
(13, 2, 'Akeem Greenholt', 'Ducimus impedit et cumque non dolorem accusantium ullam enim. Consequatur consequatur voluptatibus consequuntur iste est deleniti. Fugiat atque similique soluta velit consequuntur dolorem magnam vero.', 1, '2018-07-19 19:35:03', '2018-07-19 19:35:03'),
(14, 33, 'Earnest Johnston', 'Iusto omnis voluptatem quia incidunt sunt facere. Ipsum eligendi animi unde sit repellendus. Consequatur necessitatibus nam non et.', 0, '2018-07-19 19:35:03', '2018-07-19 19:35:03'),
(15, 10, 'Efren Marks', 'Earum architecto ea voluptatem tempora. Quaerat voluptas saepe expedita et et quia. Praesentium harum ducimus quis quas odio quis praesentium eum.', 1, '2018-07-19 19:35:03', '2018-07-19 19:35:03'),
(16, 21, 'Giovanna Boyle', 'Omnis hic est repudiandae adipisci magni eos. Est minima laudantium et veniam placeat voluptas. Atque dolores necessitatibus optio. Maiores qui quod sequi quibusdam labore sunt sunt.', 0, '2018-07-19 19:35:03', '2018-07-19 19:35:03'),
(17, 46, 'Reece Kreiger', 'Doloremque velit quis facilis aut reprehenderit aut aliquid. Numquam velit nesciunt sunt quo vero fugit placeat. Voluptatem odit vel ut impedit maxime illo in.', 4, '2018-07-19 19:35:03', '2018-07-19 19:35:03'),
(18, 34, 'Mrs. Tiffany Murazik DVM', 'Id delectus voluptas id vitae inventore et suscipit. Odio ex ut non quo consectetur aspernatur laborum. Consequatur expedita voluptas doloribus enim consequatur qui. Quaerat autem similique sapiente voluptate et in.', 1, '2018-07-19 19:35:03', '2018-07-19 19:35:03'),
(19, 7, 'Dr. Gaetano Schroeder III', 'Ea maiores libero occaecati non veritatis. Doloribus incidunt commodi veritatis nisi sit at aut est.', 3, '2018-07-19 19:35:03', '2018-07-19 19:35:03'),
(20, 14, 'Jeromy Skiles MD', 'Quia perferendis quae fuga qui iure architecto. Voluptatem est est non numquam sed iusto. Voluptatem illo quo provident quos omnis.', 3, '2018-07-19 19:35:03', '2018-07-19 19:35:03'),
(21, 49, 'Talia Barrows', 'Aliquid voluptates aut temporibus eius. At ea neque ut ullam voluptatem non ex.', 1, '2018-07-19 19:35:03', '2018-07-19 19:35:03'),
(22, 8, 'Liliane Pacocha', 'Et placeat itaque eos reprehenderit illo dolorum quia. Dolores aut et voluptates natus harum. Quia autem doloribus nulla quisquam voluptas odit iste.', 5, '2018-07-19 19:35:03', '2018-07-19 19:35:03'),
(23, 8, 'Dr. Dominic Pacocha', 'Omnis esse ullam sint et. Ut tempora corporis est corporis. Laborum nobis iusto voluptatum sapiente placeat.', 0, '2018-07-19 19:35:03', '2018-07-19 19:35:03'),
(24, 38, 'Prof. Arjun Schaefer', 'Ab ut excepturi eveniet consequatur culpa. Ut delectus explicabo est sed natus in quisquam. Consequatur sint voluptas eligendi quis suscipit. Non minima dolorem repudiandae quia. Repellendus nihil voluptatem esse necessitatibus quo est ut.', 5, '2018-07-19 19:35:03', '2018-07-19 19:35:03'),
(25, 46, 'Mr. Louie Rowe PhD', 'Voluptatum autem enim expedita tempore sit. Voluptas nemo fuga magnam repellendus numquam. Tenetur porro dolor velit ratione.', 5, '2018-07-19 19:35:03', '2018-07-19 19:35:03'),
(26, 8, 'Gunner Wilkinson', 'Similique dolorem autem repellendus nihil totam. Itaque nihil nobis aut sed est.', 1, '2018-07-19 19:35:03', '2018-07-19 19:35:03'),
(27, 43, 'Stephanie Blanda', 'Et quia enim et blanditiis dolorum ipsa itaque. Non tempora a et et. Quaerat quibusdam dignissimos sunt.', 5, '2018-07-19 19:35:04', '2018-07-19 19:35:04'),
(28, 41, 'Mertie Reilly', 'Et odit quia assumenda qui. Quo reprehenderit esse molestiae id. Quis blanditiis dolores nostrum aut et illo.', 3, '2018-07-19 19:35:04', '2018-07-19 19:35:04'),
(29, 17, 'Emma Kilback DVM', 'Enim impedit sit enim aut atque. Dolorum dolore aut quidem cumque maxime distinctio.', 1, '2018-07-19 19:35:04', '2018-07-19 19:35:04'),
(30, 43, 'Dorcas Mertz DVM', 'Sint tempore delectus pariatur. Natus rerum sit rerum eligendi aut. Quia quasi inventore reprehenderit quos autem rem. Sint laborum ipsam doloribus doloremque voluptatibus et culpa.', 5, '2018-07-19 19:35:04', '2018-07-19 19:35:04'),
(31, 37, 'Prof. Chester Hermann', 'Ea sed ut laborum excepturi cum iusto. Nulla eligendi laudantium vel sunt nostrum consequatur. Laudantium aut qui suscipit non sed labore ut.', 2, '2018-07-19 19:35:04', '2018-07-19 19:35:04'),
(32, 11, 'Khalid Zboncak', 'Dolores qui et necessitatibus. Et itaque voluptatem ut aut fugit aliquid.', 4, '2018-07-19 19:35:04', '2018-07-19 19:35:04'),
(33, 12, 'Cristina Carter', 'Nulla rerum aperiam molestias maxime beatae. Et illum aliquam sit nobis et et. Et quibusdam fuga architecto officiis.', 0, '2018-07-19 19:35:04', '2018-07-19 19:35:04'),
(34, 28, 'Tabitha Vandervort', 'Veritatis quod eos officia similique laboriosam. Impedit consequatur vel aut molestias ipsam. Nesciunt mollitia autem sint impedit eius est.', 4, '2018-07-19 19:35:04', '2018-07-19 19:35:04'),
(35, 4, 'Vella Braun II', 'Voluptatem iste ipsum eos officia et a. Quo qui doloribus alias veniam. Rerum ea quas ipsum velit adipisci deleniti molestias.', 5, '2018-07-19 19:35:04', '2018-07-19 19:35:04'),
(36, 6, 'Taurean Lind', 'Enim eveniet dignissimos ut earum adipisci. Hic eum illum voluptas. Nesciunt libero placeat fugit totam et ea.', 5, '2018-07-19 19:35:04', '2018-07-19 19:35:04'),
(37, 21, 'Milan Klocko', 'Ratione omnis quia recusandae consequatur. Similique aut vel rem consectetur itaque. Ut veniam adipisci natus dolor ut. Earum molestias id reiciendis nobis quam modi.', 5, '2018-07-19 19:35:04', '2018-07-19 19:35:04'),
(38, 36, 'Dr. Gerard Willms', 'Ut architecto mollitia aut quos et vel qui pariatur. Ut ab officiis et eveniet ipsa possimus. Dolorem laborum praesentium doloribus et voluptas est libero.', 1, '2018-07-19 19:35:04', '2018-07-19 19:35:04'),
(39, 37, 'Mervin Lind', 'Aut dolores libero ab et ipsa quia. Rem at corporis impedit temporibus eos consequatur. Explicabo aliquam delectus accusantium sint odio et rem.', 1, '2018-07-19 19:35:04', '2018-07-19 19:35:04'),
(40, 50, 'Noemie Douglas IV', 'Soluta cum sed sit dignissimos eos sint a. Et possimus repudiandae sit corrupti. Aut et dicta qui aut.', 5, '2018-07-19 19:35:04', '2018-07-19 19:35:04'),
(41, 24, 'Vallie Kertzmann', 'Quia ab eum explicabo fugit et. Animi sed ea doloremque beatae. Velit rerum est ipsum enim et. Veritatis deleniti vel corporis veniam quos.', 2, '2018-07-19 19:35:04', '2018-07-19 19:35:04'),
(42, 27, 'Reece Franecki DVM', 'Cupiditate molestias officiis exercitationem voluptates sequi accusamus atque qui. Ex natus eos nisi fugit sapiente excepturi earum.', 5, '2018-07-19 19:35:04', '2018-07-19 19:35:04'),
(43, 31, 'Susan Moore IV', 'Mollitia eius necessitatibus et tenetur doloremque. Aut nam voluptatem commodi omnis quae modi. Vel maiores sed enim magnam asperiores asperiores iure molestiae. Facilis itaque laboriosam voluptatem hic voluptas dolores.', 1, '2018-07-19 19:35:04', '2018-07-19 19:35:04'),
(44, 13, 'Gerard Grimes', 'Consequatur hic perspiciatis et autem cum. Animi quisquam voluptas qui veniam vitae. Doloremque voluptatem quaerat repellat. Dignissimos nostrum nam est labore et.', 1, '2018-07-19 19:35:04', '2018-07-19 19:35:04'),
(45, 37, 'Ford Rath', 'Voluptatibus soluta id voluptatem ducimus non. Pariatur est aut deleniti ut rem soluta veniam aliquam. Quae ea facere deleniti.', 4, '2018-07-19 19:35:04', '2018-07-19 19:35:04'),
(46, 31, 'Daniela Greenholt', 'Omnis quia ipsum et est labore vel voluptatum amet. Eius placeat saepe fugit optio sapiente. Nihil sunt consequuntur eaque enim et cupiditate.', 2, '2018-07-19 19:35:04', '2018-07-19 19:35:04'),
(47, 21, 'Allie Thiel', 'Quo provident repellat molestiae impedit qui omnis explicabo. Asperiores dolores autem et iusto esse itaque. Dolorem omnis ex numquam. Corrupti dolorem dolorum sequi minima. Dicta rerum quia voluptas sit.', 0, '2018-07-19 19:35:04', '2018-07-19 19:35:04'),
(48, 49, 'Graciela Strosin', 'Et est ex enim ut officia. Libero explicabo enim perspiciatis perspiciatis quia natus ea. Est quisquam ea modi quia qui unde itaque. Et ut officia est.', 0, '2018-07-19 19:35:04', '2018-07-19 19:35:04'),
(49, 34, 'Mrs. Miracle Nader', 'Est necessitatibus et ab occaecati eos. Occaecati ut cupiditate aut omnis qui. Est aut rerum repudiandae voluptate iste in doloremque. Aut voluptas atque aut possimus.', 1, '2018-07-19 19:35:05', '2018-07-19 19:35:05'),
(50, 32, 'Giovanni Fisher', 'Et natus et ratione nemo. Quisquam soluta sed aspernatur odit vitae tenetur rem ullam. Beatae iure consequatur distinctio ut. Velit officiis quia facilis id consequatur ipsam.', 0, '2018-07-19 19:35:05', '2018-07-19 19:35:05'),
(51, 10, 'Ramiro Lind', 'Labore eveniet porro est quas praesentium et laborum exercitationem. In itaque et cum officia eos debitis. Alias odit dolor delectus asperiores dicta. Delectus in aliquam aspernatur qui id. Quis libero voluptatem voluptas.', 5, '2018-07-19 19:35:05', '2018-07-19 19:35:05'),
(52, 34, 'Alivia Kub', 'Illo et sint rem cum. Accusantium eos corporis corrupti. Error sed aspernatur ducimus et aliquam. Ducimus sapiente aut voluptatem deserunt atque.', 1, '2018-07-19 19:35:05', '2018-07-19 19:35:05'),
(53, 38, 'Mr. Zackary Ondricka', 'Unde ut similique beatae quia cupiditate et. Atque recusandae modi itaque consectetur dignissimos est est. Consequatur velit magni rerum quo laudantium id.', 4, '2018-07-19 19:35:05', '2018-07-19 19:35:05'),
(54, 32, 'Ona Paucek', 'Temporibus officiis itaque vitae earum facilis omnis. Amet asperiores voluptas ab a fugit velit maxime. Voluptatem placeat sed temporibus in.', 5, '2018-07-19 19:35:05', '2018-07-19 19:35:05'),
(55, 43, 'Howard Haag', 'Voluptas ea quo sit est. Illum iure explicabo odio.', 5, '2018-07-19 19:35:05', '2018-07-19 19:35:05'),
(56, 38, 'Elaina Kunde', 'Quibusdam aut quia repellat ut eum modi. Nam nihil et eum. Fugiat nihil sint distinctio ratione est quae sed. Tempore ipsa magnam ex sit dolores.', 0, '2018-07-19 19:35:05', '2018-07-19 19:35:05'),
(57, 7, 'Nathanael Heathcote', 'Atque nobis accusamus delectus ipsa atque nobis. Suscipit cupiditate unde quod nemo fugit sed. Sit voluptatum amet et dolore. Asperiores et velit porro esse omnis quia.', 4, '2018-07-19 19:35:05', '2018-07-19 19:35:05'),
(58, 26, 'Ms. Billie Conn', 'Quis expedita vero tempore eos magni. Aliquam voluptatem ipsam harum quod rem. Vel aut nemo ad et et. Sunt suscipit omnis ut autem.', 1, '2018-07-19 19:35:05', '2018-07-19 19:35:05'),
(59, 15, 'Serenity Davis Jr.', 'Voluptatum magni laborum dolor qui ut sequi. Possimus labore voluptate repellendus quis ad. Laborum enim non possimus odit maiores et. Repellat similique sed aut aut exercitationem. Magni placeat et itaque est.', 5, '2018-07-19 19:35:05', '2018-07-19 19:35:05'),
(60, 21, 'Murray Reinger', 'Facilis quae rerum aperiam ut quam quidem. Autem vero deserunt accusantium iusto. Quod consectetur repellat voluptatem quibusdam.', 5, '2018-07-19 19:35:05', '2018-07-19 19:35:05'),
(61, 48, 'Dr. Krystal Mante', 'Qui doloremque inventore voluptatem quia quasi mollitia omnis. Voluptate ab omnis nihil et laboriosam aut eos ut. Blanditiis animi excepturi eos a. Velit ad et et tenetur pariatur. Nisi aut qui modi facere nobis.', 5, '2018-07-19 19:35:05', '2018-07-19 19:35:05'),
(62, 2, 'Lolita Crist MD', 'Repellat magni beatae aut dolorem voluptas cumque praesentium. Est eum aperiam cum. Fugiat quia nisi iusto aut iure ut.', 3, '2018-07-19 19:35:05', '2018-07-19 19:35:05'),
(63, 31, 'Destiny Jast', 'Sed ipsum aut quo. Modi sit ullam similique molestias. Quis architecto deserunt et necessitatibus. Omnis porro optio veritatis est rerum eveniet.', 2, '2018-07-19 19:35:05', '2018-07-19 19:35:05'),
(64, 34, 'Caden Osinski', 'Quam in veniam officia unde consequuntur. Impedit omnis sit rerum. Labore et quae qui consequatur.', 0, '2018-07-19 19:35:05', '2018-07-19 19:35:05'),
(65, 25, 'Arvilla Mann III', 'Est voluptate facere non rerum consequatur. Perferendis saepe odio et a eos commodi aut. Molestiae iure facilis dolorum voluptatem voluptas illo.', 0, '2018-07-19 19:35:05', '2018-07-19 19:35:05'),
(66, 14, 'Dr. Vincenzo Walter DDS', 'Omnis est non deleniti placeat atque pariatur. Nostrum consequatur aut eligendi impedit deserunt alias. Qui ut doloribus maxime omnis qui est. Ratione odit velit non dicta. Porro voluptas eos facere voluptatum.', 0, '2018-07-19 19:35:05', '2018-07-19 19:35:05'),
(67, 6, 'Gaston Smith', 'Modi harum repellendus delectus expedita ut sit. Expedita doloribus vitae rerum. Ipsa sed quibusdam perferendis et rerum. Voluptatem voluptas aperiam eaque aut magnam vel nostrum aut. Distinctio voluptas fugit omnis nisi tempore.', 1, '2018-07-19 19:35:05', '2018-07-19 19:35:05'),
(68, 23, 'Rubye Klocko', 'Et harum ratione atque beatae adipisci aut quaerat. Quis placeat quia sit inventore animi. Blanditiis ducimus placeat ex. Vel qui similique repudiandae quia in exercitationem. Quod itaque aliquid est ut nemo.', 2, '2018-07-19 19:35:05', '2018-07-19 19:35:05'),
(69, 3, 'Otilia Kuhlman', 'Repellat delectus autem consectetur dolor corrupti rerum labore ut. Et corporis autem corrupti enim. Deleniti sequi consequatur perspiciatis molestiae. Asperiores incidunt qui voluptatem occaecati velit aut delectus quae.', 0, '2018-07-19 19:35:05', '2018-07-19 19:35:05'),
(70, 48, 'Sadie Romaguera III', 'Nihil vel voluptas voluptas quisquam commodi. Libero quibusdam sed illum commodi qui. Unde quo exercitationem quidem eum autem.', 5, '2018-07-19 19:35:06', '2018-07-19 19:35:06'),
(71, 23, 'Craig Armstrong', 'Sunt magni ut nesciunt labore id. Deserunt et eum asperiores non ut necessitatibus recusandae. Tempore ea aut aut. Aut at qui animi facilis et error.', 5, '2018-07-19 19:35:06', '2018-07-19 19:35:06'),
(72, 4, 'Dr. Nannie Zboncak V', 'Quia autem ut alias et soluta labore. Dolore magnam amet hic autem tenetur quo. Aspernatur et sunt et fugiat voluptatibus labore enim autem.', 4, '2018-07-19 19:35:06', '2018-07-19 19:35:06'),
(73, 40, 'Faye Strosin', 'Iure iure sunt in quia repellendus. Architecto modi autem tempora dolores. Quaerat iusto aperiam porro rerum. Et illo et cumque mollitia rerum maxime commodi sit.', 5, '2018-07-19 19:35:06', '2018-07-19 19:35:06'),
(74, 49, 'Judy Blanda', 'Consectetur voluptatem dolores ipsam magni consequatur. Quas dignissimos adipisci cumque voluptatum. Repudiandae quis ut eveniet sint expedita omnis at. Minus aperiam tempora repellendus ut mollitia.', 0, '2018-07-19 19:35:06', '2018-07-19 19:35:06'),
(75, 26, 'Mohammad Kerluke', 'Quidem laudantium eum voluptas et similique nihil quo aspernatur. Nemo accusantium qui ullam cupiditate vel. Necessitatibus debitis enim fugit nisi placeat earum.', 0, '2018-07-19 19:35:06', '2018-07-19 19:35:06'),
(76, 45, 'Dallas Parisian', 'Nulla amet consequatur atque. Quibusdam aut ut excepturi quo. Non voluptatibus quisquam vel dicta in iusto.', 2, '2018-07-19 19:35:06', '2018-07-19 19:35:06'),
(77, 39, 'Vernon Hartmann', 'Voluptatem sunt corrupti esse quos non eos aspernatur. Enim harum magnam molestias omnis error nemo. Nobis praesentium soluta cupiditate. Voluptatibus perspiciatis sint explicabo dignissimos alias voluptas enim et.', 2, '2018-07-19 19:35:06', '2018-07-19 19:35:06'),
(78, 16, 'Prof. Abigale Hilpert II', 'Modi nulla dignissimos vel necessitatibus molestias officia error error. Tenetur accusantium consequuntur quasi. Odio neque consequatur ut. Qui illo nobis assumenda nihil.', 4, '2018-07-19 19:35:06', '2018-07-19 19:35:06'),
(79, 47, 'Horace Glover DDS', 'Exercitationem dolore delectus qui suscipit aut rerum. Quas corrupti sunt quos assumenda provident. Voluptatem officiis rerum temporibus. Totam commodi rerum nisi voluptatem veritatis libero qui.', 2, '2018-07-19 19:35:06', '2018-07-19 19:35:06'),
(80, 29, 'Maybell Carroll', 'Sunt eveniet quas reiciendis explicabo tempora porro. Corrupti sit eius dolores labore necessitatibus alias corporis. Maxime omnis et eaque quo natus.', 4, '2018-07-19 19:35:06', '2018-07-19 19:35:06'),
(81, 50, 'Dr. Freddy Macejkovic', 'Delectus et consectetur eligendi. Velit autem omnis alias delectus animi recusandae. Soluta cupiditate magni repudiandae eaque eum adipisci ut. Consequatur voluptatem hic illum iure sed sequi eveniet beatae.', 0, '2018-07-19 19:35:06', '2018-07-19 19:35:06'),
(82, 43, 'Candido Kreiger MD', 'Quia aut et incidunt. Quia aut doloribus adipisci unde corrupti. Suscipit aliquid vel voluptatem omnis debitis.', 4, '2018-07-19 19:35:06', '2018-07-19 19:35:06'),
(83, 31, 'Jimmy Hoeger PhD', 'Pariatur asperiores pariatur qui impedit magnam mollitia repellat. Sed ipsum ut velit velit expedita doloremque ut. Dolor molestiae est illum sapiente.', 5, '2018-07-19 19:35:06', '2018-07-19 19:35:06'),
(84, 10, 'Dr. Emery Schmeler', 'Consectetur dolores culpa nam ipsum quia. Suscipit ea rerum ut architecto. Expedita neque voluptatum itaque.', 3, '2018-07-19 19:35:06', '2018-07-19 19:35:06'),
(85, 17, 'Zula Lowe', 'Doloribus nobis nam voluptas et optio doloribus. Asperiores cum aperiam non labore corrupti. Nihil voluptate id et totam.', 4, '2018-07-19 19:35:06', '2018-07-19 19:35:06'),
(86, 49, 'Prof. Hobart Erdman', 'Ipsa rerum ut est. Repellat sunt earum dignissimos repudiandae accusantium perspiciatis dolor. Facilis doloribus occaecati vitae neque magni magni.', 4, '2018-07-19 19:35:06', '2018-07-19 19:35:06'),
(87, 20, 'Mrs. Clara Franecki', 'Asperiores iure expedita mollitia expedita reiciendis. Sed est nobis qui. Architecto laboriosam incidunt tempora.', 3, '2018-07-19 19:35:07', '2018-07-19 19:35:07'),
(88, 23, 'Mr. Fern Mueller', 'Impedit dolorem consectetur sit. Voluptatibus eveniet sequi rerum dolorem sed. Veritatis dolores voluptatem sed ut sed ut natus. Velit modi ipsum amet dolores sunt animi.', 2, '2018-07-19 19:35:07', '2018-07-19 19:35:07'),
(89, 6, 'Prof. Mozelle Kunde', 'Accusamus dolore aut et in. Qui mollitia est ut voluptate. Nobis atque labore voluptates quis.', 5, '2018-07-19 19:35:07', '2018-07-19 19:35:07'),
(90, 21, 'Prof. Sandra Conroy PhD', 'Amet modi impedit velit iusto aliquam molestiae sit aut. Voluptatem officiis rerum dolores qui. Odit cumque iure ea eos commodi exercitationem.', 1, '2018-07-19 19:35:07', '2018-07-19 19:35:07'),
(91, 31, 'Gunnar Beer', 'Aliquam doloribus aperiam quis illo. Molestias est libero et dolor eligendi. Ducimus similique quaerat deserunt iusto voluptatibus et est.', 0, '2018-07-19 19:35:07', '2018-07-19 19:35:07'),
(92, 28, 'Glennie Zemlak', 'Eaque dolores tenetur id enim. Ullam non dolore quia. Ipsam eos cumque nobis provident natus.', 4, '2018-07-19 19:35:07', '2018-07-19 19:35:07'),
(93, 49, 'Dr. Katarina Ortiz II', 'Nam aliquid non et officiis deserunt perferendis dolores. Sint autem et et aut est saepe nisi. Cum et deleniti sit provident tenetur quo corrupti. Cumque aliquam itaque quis sunt.', 0, '2018-07-19 19:35:07', '2018-07-19 19:35:07'),
(94, 2, 'Benton Weber MD', 'Ducimus ea odit rerum. Pariatur placeat quo quia quis ipsum explicabo. Eum molestias aut sapiente quas. Hic et atque placeat est ut in.', 0, '2018-07-19 19:35:07', '2018-07-19 19:35:07'),
(95, 29, 'Gayle Lakin', 'Autem in eveniet natus et modi quidem repellat ut. Natus vel animi quidem cumque beatae odit ab dolor. Est quis rerum consequuntur quam aspernatur nisi. Deserunt molestiae consequuntur cumque est quisquam.', 4, '2018-07-19 19:35:07', '2018-07-19 19:35:07'),
(96, 24, 'Oral Zboncak', 'Perspiciatis est assumenda optio. Nulla voluptas praesentium maiores eius in sunt. Ut inventore ut et vel autem velit.', 3, '2018-07-19 19:35:07', '2018-07-19 19:35:07'),
(97, 16, 'Mrs. Hilda Dare DVM', 'Quis et dolor accusamus officia quia. Ut nobis itaque consequatur omnis temporibus. Voluptatem ipsum enim aliquid nobis.', 0, '2018-07-19 19:35:07', '2018-07-19 19:35:07'),
(98, 21, 'Chauncey Brakus DVM', 'Dolores architecto facere commodi. Et reiciendis enim dolorum magnam labore animi veniam. Iure fuga et ut eos.', 0, '2018-07-19 19:35:07', '2018-07-19 19:35:07'),
(99, 46, 'Ms. Golda Konopelski', 'Adipisci ipsum voluptatem delectus architecto. Maxime voluptates tempora in veritatis optio temporibus. Iure est voluptates beatae fugit optio labore.', 5, '2018-07-19 19:35:07', '2018-07-19 19:35:07'),
(100, 36, 'Yessenia Rodriguez', 'Eveniet quisquam dignissimos non autem laboriosam laborum itaque. Ipsam distinctio magni sequi odio odit iste suscipit. Vitae nostrum unde et sit quos.', 0, '2018-07-19 19:35:07', '2018-07-19 19:35:07'),
(101, 36, 'Mr. Gordon Shields', 'Aut perferendis nesciunt sed ut. Vel non repudiandae officiis aliquid aut consequatur. Id fugit nobis in aut.', 0, '2018-07-19 19:35:07', '2018-07-19 19:35:07'),
(102, 17, 'Madalyn Jaskolski', 'Nesciunt ipsum et deleniti ea aut sunt tempore. Est accusamus hic corrupti aut autem porro sit. Ut natus labore aut inventore.', 0, '2018-07-19 19:35:07', '2018-07-19 19:35:07'),
(103, 15, 'Baron Wilderman', 'Atque totam ad cupiditate voluptatum itaque qui error. Temporibus minima sunt rem consequatur soluta odio vel. At et iste quod quod eius enim doloremque. Velit vel laudantium eos sed et.', 5, '2018-07-19 19:35:07', '2018-07-19 19:35:07'),
(104, 26, 'Olga Conroy', 'Earum rerum et possimus vel aut. Illo soluta non explicabo in. Harum nihil nihil aut enim et velit ut tempora.', 4, '2018-07-19 19:35:07', '2018-07-19 19:35:07'),
(105, 22, 'Ms. Tracy Hirthe I', 'Iure illum impedit consequatur temporibus. Adipisci et similique consectetur earum cupiditate excepturi quo. Animi pariatur eum sunt consequatur inventore sed eaque excepturi. Est debitis ipsa possimus sit omnis expedita delectus.', 2, '2018-07-19 19:35:07', '2018-07-19 19:35:07'),
(106, 43, 'Lavonne Murazik IV', 'Explicabo necessitatibus dolore nam illo laborum saepe at. Illo similique rerum aut libero illo molestiae. Eius cumque officiis saepe ducimus.', 2, '2018-07-19 19:35:07', '2018-07-19 19:35:07'),
(107, 28, 'Retha Spinka V', 'Ut ut ullam pariatur saepe porro et architecto. Consequuntur velit reprehenderit repellat dicta dolorum veniam iure. Recusandae debitis nihil sit autem. Odio minus cumque est quae. Maiores illum consequatur nostrum ut.', 5, '2018-07-19 19:35:07', '2018-07-19 19:35:07'),
(108, 2, 'Mr. Dexter Lowe', 'Est sunt sit sed. In rerum aliquid enim quia non. A blanditiis voluptatum tenetur.', 4, '2018-07-19 19:35:08', '2018-07-19 19:35:08'),
(109, 29, 'Israel Lehner Jr.', 'Non voluptas et qui cumque non qui. Beatae fugiat accusantium dolore ea consectetur fuga et. Aut fuga at rerum et et nostrum. Voluptatem fugiat aut hic qui sunt id.', 4, '2018-07-19 19:35:08', '2018-07-19 19:35:08'),
(110, 12, 'Mr. Carey Haley', 'Ea est adipisci et maxime recusandae dolor. Reprehenderit nobis voluptatem aliquam distinctio ipsam. Laboriosam deserunt modi est sunt.', 5, '2018-07-19 19:35:08', '2018-07-19 19:35:08'),
(111, 40, 'Franco Schulist III', 'Exercitationem excepturi nostrum maxime magni. Libero at delectus doloribus voluptatem magni officiis fuga. Quis aut tempore laborum non et vero.', 2, '2018-07-19 19:35:08', '2018-07-19 19:35:08'),
(112, 21, 'Destiny Waters', 'Autem repellendus eaque rerum iusto assumenda maxime. Nam beatae nobis ducimus facere id. Deleniti quos aperiam excepturi aspernatur et asperiores vel corporis. Est quam consequatur nostrum quisquam tempora sint reprehenderit.', 3, '2018-07-19 19:35:08', '2018-07-19 19:35:08'),
(113, 7, 'Marcel Stoltenberg IV', 'Recusandae quae asperiores provident hic necessitatibus officiis hic. Voluptatem nihil dolores iste amet error. Fugiat sit eos magnam distinctio qui et.', 2, '2018-07-19 19:35:08', '2018-07-19 19:35:08'),
(114, 5, 'Prof. Mathilde Goldner V', 'Odio quod quia quidem recusandae. Modi sed tempore ad. Optio tempore perspiciatis sint eos est est. Possimus commodi deserunt magnam nam voluptatem.', 2, '2018-07-19 19:35:08', '2018-07-19 19:35:08'),
(115, 3, 'Tania Robel IV', 'Cumque ut quis facere rerum quis architecto consequatur corporis. Vel culpa vel ullam quis eius facilis. Fugiat iusto voluptatum dicta voluptas magnam culpa adipisci. Dicta commodi non asperiores aspernatur ipsum.', 5, '2018-07-19 19:35:08', '2018-07-19 19:35:08'),
(116, 34, 'Dena Hoeger II', 'Omnis repellendus repudiandae accusantium aut. Est repellat libero et illo expedita. Ea inventore vel aut id unde qui.', 3, '2018-07-19 19:35:08', '2018-07-19 19:35:08'),
(117, 49, 'Nickolas Balistreri', 'Ipsa ut consequatur blanditiis aperiam earum. Reiciendis quia impedit nulla. Molestiae doloribus voluptatem rem reiciendis minima.', 0, '2018-07-19 19:35:08', '2018-07-19 19:35:08'),
(118, 25, 'Ramon Lubowitz', 'Enim recusandae nisi asperiores animi dolorum. Possimus et impedit voluptatem consectetur sint fuga. Voluptatem ut sit quos tempora.', 4, '2018-07-19 19:35:08', '2018-07-19 19:35:08'),
(119, 24, 'Willis Crooks', 'Velit doloribus ducimus et porro fugiat laudantium animi. Et sit molestiae voluptas iste voluptates. Quia aut saepe accusamus aliquid est consectetur cupiditate. Blanditiis culpa a distinctio repudiandae hic dolor.', 4, '2018-07-19 19:35:08', '2018-07-19 19:35:08'),
(120, 49, 'Dr. Ruthie Kerluke', 'Quia blanditiis est aspernatur quisquam. Autem vel eaque tempora modi. Iure ipsa possimus cumque. Harum aperiam quia nemo totam.', 3, '2018-07-19 19:35:08', '2018-07-19 19:35:08'),
(121, 18, 'Prof. Niko Wilkinson', 'Esse non et est. Aliquid autem neque qui quo.', 5, '2018-07-19 19:35:08', '2018-07-19 19:35:08'),
(122, 44, 'Giovanny Mertz', 'Ipsum quibusdam alias eveniet veniam non. Et ipsa labore id alias natus praesentium magnam. Voluptatem molestiae ut voluptatem aut voluptas. Suscipit in sunt molestiae aut velit consectetur et ratione.', 3, '2018-07-19 19:35:09', '2018-07-19 19:35:09'),
(123, 48, 'Greg Okuneva', 'Consequatur accusamus accusantium et mollitia ea vel sequi. Consequuntur provident et est tempore impedit velit. Vel nihil ab nobis iste voluptas. Quae illum quia magnam tenetur porro aliquam neque quia. Voluptates sed quibusdam aut laudantium iure qui est.', 2, '2018-07-19 19:35:09', '2018-07-19 19:35:09'),
(124, 47, 'Salvador Baumbach', 'Odio est fuga maiores ipsum reprehenderit corporis esse. Consequatur ad ex sit ad adipisci. Sint laudantium neque repellendus quae dolores.', 0, '2018-07-19 19:35:09', '2018-07-19 19:35:09'),
(125, 34, 'Miss Danyka Feeney', 'Aut repellat modi iste id sequi. Non rerum nemo reiciendis aliquid similique praesentium voluptatem. Quia impedit quo dolor inventore unde nihil quis.', 3, '2018-07-19 19:35:09', '2018-07-19 19:35:09'),
(126, 49, 'Miss Jadyn Braun DVM', 'Ut et et eos fugiat cum dignissimos. Corrupti cumque assumenda hic eligendi. Dolores nulla voluptas praesentium hic. Iste officia quia omnis eveniet reiciendis. Hic omnis id id illum voluptate sit.', 4, '2018-07-19 19:35:09', '2018-07-19 19:35:09'),
(127, 16, 'Felton Dietrich', 'Exercitationem tempora nisi est. Alias ipsam nihil sed enim tenetur fugiat. Qui ea illum optio. Voluptates quae blanditiis maxime pariatur officiis facilis quibusdam recusandae.', 5, '2018-07-19 19:35:09', '2018-07-19 19:35:09'),
(128, 44, 'Mrs. Carolyne Mayer PhD', 'Aut blanditiis reiciendis perferendis eaque rerum itaque. Perferendis ipsum omnis blanditiis nesciunt eos. Exercitationem pariatur est quam qui tempora possimus et eaque. Occaecati repellendus unde veniam autem. Quia mollitia totam molestiae nesciunt in dolore.', 2, '2018-07-19 19:35:09', '2018-07-19 19:35:09'),
(129, 40, 'Kobe Blanda', 'Reprehenderit est at repellat id consequuntur sunt reiciendis. Modi animi ut blanditiis eaque aliquam. Tempore enim eum placeat fugiat mollitia cupiditate consequatur. Et omnis et pariatur fugit earum.', 2, '2018-07-19 19:35:09', '2018-07-19 19:35:09'),
(130, 43, 'Treva Beier', 'Iste modi aperiam veniam eos adipisci. Quos placeat vero vitae dignissimos et eveniet voluptatibus. Impedit itaque voluptatem dicta deleniti voluptas magni. In ullam accusamus cumque totam est culpa beatae.', 0, '2018-07-19 19:35:09', '2018-07-19 19:35:09'),
(131, 39, 'Chanelle Weissnat', 'Ut quis quaerat et culpa reprehenderit. Illum quia omnis ut. Ipsa non pariatur quo amet accusamus quisquam id temporibus. Ipsam provident aut cum ipsa hic et.', 4, '2018-07-19 19:35:09', '2018-07-19 19:35:09'),
(132, 49, 'Dr. Haleigh Wiegand Sr.', 'Consequatur ea harum voluptatibus ipsum enim. Laudantium numquam eos voluptatum aut alias. Aliquid nostrum est consequatur cum voluptates. Et dolor tenetur ut debitis explicabo aliquam sunt dolorum.', 3, '2018-07-19 19:35:09', '2018-07-19 19:35:09'),
(133, 24, 'Genesis Marks', 'Ipsam odio consequatur blanditiis debitis dolorem. Facere cum similique quia quibusdam nostrum ut. A occaecati aut provident dolores explicabo minima vitae. Iste architecto nesciunt non tempore est consequatur.', 0, '2018-07-19 19:35:09', '2018-07-19 19:35:09'),
(134, 46, 'Dr. Brendon Roberts MD', 'Et harum pariatur vel eos itaque. Fugiat magnam debitis ut consequatur quia. Consequuntur est tempora est voluptatem atque odit odio. Veniam nihil perferendis exercitationem quisquam aut voluptatibus.', 0, '2018-07-19 19:35:09', '2018-07-19 19:35:09'),
(135, 37, 'Tiara Wolff', 'Molestiae illo eum nihil qui nisi. Et aut sed at debitis dignissimos repellat praesentium. Quaerat corrupti aut quo occaecati minima molestiae rem. Qui eveniet nihil eum. Corrupti illum sit repudiandae veniam nostrum.', 2, '2018-07-19 19:35:09', '2018-07-19 19:35:09'),
(136, 4, 'Kylie Senger', 'Perspiciatis repellat blanditiis iste iste quas optio perspiciatis. Modi et et vel sapiente sed distinctio qui. Et odio veniam enim.', 1, '2018-07-19 19:35:09', '2018-07-19 19:35:09'),
(137, 7, 'Geovany Rogahn', 'Quo suscipit nostrum at numquam voluptatem. Nesciunt ratione numquam est aliquam officiis molestiae. Debitis dolore nobis a vero omnis unde ducimus.', 5, '2018-07-19 19:35:09', '2018-07-19 19:35:09'),
(138, 42, 'Ericka Cole', 'Deleniti placeat in nihil est. Quis repudiandae et id quam delectus. Excepturi eos vero dolore.', 4, '2018-07-19 19:35:09', '2018-07-19 19:35:09'),
(139, 8, 'Cathrine Kuphal', 'Id ea nisi ipsa pariatur velit iure rerum. Modi ut sit omnis nesciunt molestias quia rerum. Quas recusandae repellendus est et aperiam provident. Nihil non quia iure esse.', 4, '2018-07-19 19:35:09', '2018-07-19 19:35:09'),
(140, 37, 'Jayme Watsica', 'Ratione amet cumque iure qui nemo autem nisi. Voluptatibus ratione soluta accusamus sequi est saepe. Aliquid ut expedita harum ab eligendi.', 5, '2018-07-19 19:35:09', '2018-07-19 19:35:09'),
(141, 1, 'Kelsi Stark', 'Sit pariatur aut quasi qui commodi incidunt corporis. Dolores repudiandae nesciunt inventore est. Qui in vel impedit quibusdam.', 4, '2018-07-19 19:35:09', '2018-07-19 19:35:09'),
(142, 50, 'Norval Smitham MD', 'Delectus enim quia ea dolore aut non quis. Velit eaque ut corporis adipisci eaque harum expedita consectetur.', 2, '2018-07-19 19:35:09', '2018-07-19 19:35:09'),
(143, 28, 'Florence Streich', 'Rerum nam odit molestiae temporibus fugiat. Temporibus quae harum totam nulla quia aliquam fugiat nulla. Perferendis nisi optio non sunt eligendi et. Maiores aperiam similique eos assumenda accusantium. At rerum unde amet fugit laborum.', 1, '2018-07-19 19:35:10', '2018-07-19 19:35:10'),
(144, 38, 'Prof. Kennedy Flatley DDS', 'Debitis quos illum cumque optio dolorum vero. Sequi id ut dolore molestiae error voluptatibus et dolorum. Error culpa molestiae laboriosam veritatis perferendis autem id culpa. Laudantium similique rem officiis ducimus. Illum tempore et consequuntur et illum sunt omnis aut.', 4, '2018-07-19 19:35:10', '2018-07-19 19:35:10'),
(145, 39, 'Pierre King', 'Quo est ut vel eum. Incidunt maxime blanditiis voluptatem ut error rerum. Molestias sunt ut quod. Et qui laborum doloremque ullam aut minima ullam ipsam.', 4, '2018-07-19 19:35:10', '2018-07-19 19:35:10'),
(146, 21, 'Irma Veum', 'Amet velit repellat sit. Omnis eos recusandae illum omnis provident eligendi nemo. Qui dolor qui nulla a repudiandae. Facere provident non rem velit nostrum.', 4, '2018-07-19 19:35:10', '2018-07-19 19:35:10'),
(147, 13, 'Prof. Kellen Schuppe', 'Aliquam ducimus ea debitis commodi atque cum. Quo delectus libero sint error non magni delectus. Animi id fugiat harum consequatur illum inventore qui dicta.', 2, '2018-07-19 19:35:10', '2018-07-19 19:35:10'),
(148, 23, 'Brandi Swift', 'Saepe perspiciatis quis explicabo rerum harum ab. Incidunt porro quia non eos corporis est. Ratione dolorem qui dicta. Eaque quisquam veritatis debitis tenetur accusantium.', 2, '2018-07-19 19:35:10', '2018-07-19 19:35:10'),
(149, 13, 'Zoe Hintz', 'Voluptatem reiciendis iste ipsa minus. Ad porro vel atque et nesciunt minus. Odit sunt atque impedit explicabo. Animi libero architecto reprehenderit aliquam deserunt et. Consequatur ut saepe nulla harum et asperiores totam.', 1, '2018-07-19 19:35:10', '2018-07-19 19:35:10'),
(150, 8, 'Maymie O\'Conner', 'Sit tempore voluptate molestiae quae molestiae beatae. Consequatur aliquid soluta at vel. Velit culpa corporis id quia. Eos cumque excepturi dolorum fugiat eius.', 1, '2018-07-19 19:35:10', '2018-07-19 19:35:10'),
(151, 1, 'Miss Anabel Leuschke', 'Alias aperiam est est maxime a perspiciatis reprehenderit. Occaecati vel consequatur soluta dolore tenetur veniam ut. Cum deserunt sequi modi aspernatur quam ut facilis suscipit.', 5, '2018-07-19 19:35:10', '2018-07-19 19:35:10'),
(152, 38, 'Kane Conn', 'Ut doloribus itaque ratione labore id et eveniet voluptatem. Est voluptate iste quasi dicta voluptas odio corrupti quam.', 1, '2018-07-19 19:35:10', '2018-07-19 19:35:10'),
(153, 20, 'Albertha Hackett', 'Velit soluta excepturi omnis ducimus tenetur sit. Provident et necessitatibus et doloribus officia aliquam omnis. Dolore laudantium facere eos qui. Minima nulla ipsum voluptate et doloremque.', 2, '2018-07-19 19:35:10', '2018-07-19 19:35:10'),
(154, 14, 'Alexandro Lynch', 'Et exercitationem et non doloremque omnis doloribus vitae. Qui quibusdam harum nemo fugiat qui aliquid consequatur. Vel ex possimus eligendi provident aut itaque occaecati.', 1, '2018-07-19 19:35:10', '2018-07-19 19:35:10'),
(155, 33, 'Dessie Howell', 'Necessitatibus ratione et exercitationem. Voluptatem sapiente vel nam cumque delectus tenetur. Sapiente asperiores exercitationem quod facere repudiandae eius. Ullam quibusdam voluptatum nesciunt vel nisi praesentium.', 5, '2018-07-19 19:35:10', '2018-07-19 19:35:10'),
(156, 3, 'Juliana Mueller', 'Perspiciatis dolorem in molestiae magni. Error perspiciatis maiores culpa voluptate consequatur. Autem tenetur rem magni natus error dolores et.', 2, '2018-07-19 19:35:10', '2018-07-19 19:35:10'),
(157, 42, 'Dr. Nakia Runolfsdottir DDS', 'Quae magni cumque aspernatur tenetur. Velit praesentium dolor et iste in in. Repellat quia in vel voluptas dolore consequuntur.', 4, '2018-07-19 19:35:10', '2018-07-19 19:35:10'),
(158, 14, 'Eulah McGlynn Sr.', 'Libero nulla accusamus ad rem. Officia velit corrupti cupiditate ut. Incidunt dolor perferendis voluptate ad quia. Fugiat ea perspiciatis ipsum quas.', 5, '2018-07-19 19:35:10', '2018-07-19 19:35:10'),
(159, 37, 'Bonita Sanford', 'Consequatur doloremque et praesentium quae sunt. Cumque dolores sit aut quia in aliquid distinctio. Sint sit neque minus necessitatibus.', 2, '2018-07-19 19:35:10', '2018-07-19 19:35:10'),
(160, 18, 'Ms. Syble Jacobs I', 'Aliquam voluptatem iusto porro quae consequuntur quas libero. Sed odit optio consectetur. Dolor esse et ad eius eum animi laboriosam. Sit sed reiciendis laboriosam.', 3, '2018-07-19 19:35:10', '2018-07-19 19:35:10'),
(161, 21, 'Porter Jast', 'Qui autem tempora corrupti minus. Blanditiis magni qui corrupti autem et tenetur autem neque. At asperiores fugit voluptas rerum quia officia itaque unde.', 0, '2018-07-19 19:35:10', '2018-07-19 19:35:10'),
(162, 27, 'Lyla Wolff II', 'Natus est quisquam blanditiis quibusdam. Est maiores consequatur et similique sequi. Aspernatur et officia sed. Suscipit quis saepe unde velit ex magni sint.', 1, '2018-07-19 19:35:10', '2018-07-19 19:35:10'),
(163, 19, 'Melisa Hermann II', 'Quisquam nam harum qui tenetur exercitationem voluptatum. Sed iusto error nemo. Ex similique quisquam vel quo ducimus nesciunt. Tempora voluptatem pariatur sequi.', 1, '2018-07-19 19:35:11', '2018-07-19 19:35:11'),
(164, 30, 'Elsa Stamm', 'Repudiandae necessitatibus et qui aut. Nihil sed modi quam saepe voluptatem. Commodi minus aut sint ab. Voluptatem qui et blanditiis nihil.', 5, '2018-07-19 19:35:11', '2018-07-19 19:35:11'),
(165, 6, 'Dr. Emmanuelle Wunsch', 'Laborum et dolores ipsum id necessitatibus at. Quo soluta repellendus quia molestiae fugit. Culpa saepe et et repudiandae est non non. Consectetur dolor tempora non est.', 2, '2018-07-19 19:35:11', '2018-07-19 19:35:11'),
(166, 32, 'Prof. Sage Little DDS', 'Aut qui perspiciatis officia quia commodi dolore. Iste aliquid rerum non eos ut nihil. Ut culpa perferendis officia. Eaque esse voluptatem sequi architecto voluptates.', 0, '2018-07-19 19:35:11', '2018-07-19 19:35:11'),
(167, 13, 'Prof. Domenico Reilly PhD', 'Itaque cumque vel voluptate assumenda perspiciatis ea. Ut delectus eaque dolor sapiente. Aut rerum quo vel doloribus nihil omnis. Velit soluta est sunt.', 3, '2018-07-19 19:35:11', '2018-07-19 19:35:11'),
(168, 35, 'Hollie Morissette Sr.', 'Perferendis eius optio ut voluptas. Quis eos aspernatur quo. Vel consequuntur et tempore qui sapiente.', 1, '2018-07-19 19:35:11', '2018-07-19 19:35:11'),
(169, 22, 'Madelyn Ledner', 'Quia autem quae facilis dignissimos est vero. Reprehenderit eius voluptatibus nihil. Nobis velit cupiditate quidem. Distinctio nihil nobis iste enim est quo.', 0, '2018-07-19 19:35:11', '2018-07-19 19:35:11'),
(170, 34, 'Richmond Romaguera II', 'Eveniet suscipit in minus illum possimus optio est. Rerum aspernatur est nobis fugiat sint. Necessitatibus accusantium qui quia repudiandae. Unde voluptatem voluptatibus neque quam nisi qui.', 0, '2018-07-19 19:35:11', '2018-07-19 19:35:11'),
(171, 35, 'Nicklaus Beahan', 'Molestiae dolorum deserunt blanditiis totam dolor voluptate consequatur alias. Facilis molestias dicta nam neque incidunt esse et perferendis. Velit nisi quia excepturi quia voluptatem facilis et. Debitis consequatur aliquam laudantium amet ipsa.', 1, '2018-07-19 19:35:11', '2018-07-19 19:35:11'),
(172, 15, 'Antwan Mertz', 'Distinctio similique nobis saepe adipisci ut officia unde. Sit incidunt quod in iure consequatur maiores sunt. Adipisci id et rerum rerum quos. Quo tempora est voluptatem voluptatem perspiciatis.', 1, '2018-07-19 19:35:11', '2018-07-19 19:35:11'),
(173, 17, 'Raoul Botsford', 'Molestias sit suscipit earum sint laboriosam inventore. Magnam rem quia magnam veniam totam quod omnis quaerat. Inventore fugit facilis tenetur vero. Consequatur eius vero aut qui voluptatem consectetur.', 1, '2018-07-19 19:35:11', '2018-07-19 19:35:11'),
(174, 5, 'Anthony Kassulke', 'Ut repudiandae nihil eum amet eum libero. Aut adipisci dolor qui iure. Minus non distinctio consectetur culpa ut ab.', 0, '2018-07-19 19:35:11', '2018-07-19 19:35:11'),
(175, 41, 'Jordi Dickens PhD', 'Qui nihil excepturi perspiciatis libero voluptatem. Hic ut nemo quis vel ea eveniet. Maiores alias quisquam animi accusantium similique voluptas odio. Et quia vitae qui est est sunt.', 3, '2018-07-19 19:35:11', '2018-07-19 19:35:11'),
(176, 25, 'Claud Yundt I', 'Incidunt excepturi quisquam quia mollitia excepturi. Recusandae praesentium sit esse sed officiis quo delectus. Dolor cupiditate aut culpa rerum unde quae. Esse id velit assumenda debitis.', 5, '2018-07-19 19:35:11', '2018-07-19 19:35:11'),
(177, 25, 'Mr. Johnny Weissnat Jr.', 'Ipsa sit magnam quia. Qui illo vel doloribus sit est esse eum. Et nobis optio recusandae possimus possimus delectus perspiciatis. Rerum perferendis officia facilis architecto ex eius vitae.', 4, '2018-07-19 19:35:11', '2018-07-19 19:35:11'),
(178, 4, 'Prof. Clint Torp', 'Temporibus rem ad velit qui voluptate sit. Error vel esse sed ut eos quis dolores. Sed possimus et dignissimos.', 5, '2018-07-19 19:35:11', '2018-07-19 19:35:11'),
(179, 19, 'Larissa Corwin', 'Minima occaecati nobis modi quo et qui aspernatur. Qui perspiciatis modi exercitationem iusto pariatur quia. Optio et quia ea cumque error. Ipsum aperiam corporis provident dolor porro quia.', 3, '2018-07-19 19:35:11', '2018-07-19 19:35:11'),
(180, 21, 'Elliott Kuphal Jr.', 'Fugit quisquam asperiores enim quae aspernatur quisquam ad. Sunt eveniet eum aspernatur autem dicta aperiam. Enim repellat et et aut sit quod quo voluptas.', 1, '2018-07-19 19:35:11', '2018-07-19 19:35:11'),
(181, 22, 'Mia Kemmer', 'Non hic sunt asperiores nihil. Error debitis necessitatibus ut est. Ex necessitatibus qui voluptas nihil nobis amet illo temporibus. Pariatur et cum quo voluptatem nemo enim.', 0, '2018-07-19 19:35:11', '2018-07-19 19:35:11'),
(182, 1, 'Constantin Goyette', 'Et suscipit ratione quo error. Maxime eos fugiat cumque cupiditate ut. Tempora repellendus corrupti adipisci asperiores et.', 5, '2018-07-19 19:35:11', '2018-07-19 19:35:11'),
(183, 10, 'Brando Koch', 'Et asperiores vero ea veniam sed. Aut eos temporibus possimus consequatur deleniti aut.', 2, '2018-07-19 19:35:11', '2018-07-19 19:35:11'),
(184, 36, 'Mellie Towne PhD', 'Ea veniam non recusandae officia sit a hic. Veniam alias veritatis eum dicta quisquam officia. Rem quo similique ad qui laborum possimus aut. Qui deserunt corporis et sed consequatur velit similique quibusdam.', 1, '2018-07-19 19:35:11', '2018-07-19 19:35:11'),
(185, 7, 'Adriana Paucek', 'Omnis expedita doloremque ratione esse. Consectetur ducimus et asperiores eligendi molestias voluptates beatae. Aut nostrum velit aut adipisci aut autem. Dolores autem delectus quia. Et rerum iusto eos cum aperiam sapiente accusamus.', 2, '2018-07-19 19:35:12', '2018-07-19 19:35:12'),
(186, 6, 'Ali Howe', 'Earum alias ipsum dolore maiores qui nisi pariatur. Debitis minus non rerum alias. Eius inventore ut ut placeat.', 1, '2018-07-19 19:35:12', '2018-07-19 19:35:12'),
(187, 10, 'Macy Kovacek', 'Ut eum incidunt distinctio fugit vel. Et perspiciatis nostrum est quae. Ut labore sunt aliquam. Reiciendis consequuntur et illo est voluptatibus velit.', 5, '2018-07-19 19:35:12', '2018-07-19 19:35:12'),
(188, 47, 'Natasha Schroeder', 'Molestiae corrupti mollitia at. Fugiat in reprehenderit quia inventore temporibus voluptas tempora mollitia. Similique quia facere consectetur sequi porro maiores. Vel minima quia aliquid voluptate quo.', 2, '2018-07-19 19:35:12', '2018-07-19 19:35:12'),
(189, 9, 'Ewald Kilback', 'Consequuntur itaque laborum consequatur eos et eaque. Maxime non et tempore officia aut quisquam. Eos aut molestias sit id exercitationem molestiae amet nesciunt. Eius vel voluptate nostrum ut accusamus sed. Sit rerum quidem id eius modi.', 4, '2018-07-19 19:35:12', '2018-07-19 19:35:12'),
(190, 49, 'Eliseo Rutherford', 'Maxime enim quisquam animi dolores. Fugiat quia dolores non est ea. Praesentium tempora incidunt in repellendus ut. Aut vitae est nisi pariatur.', 1, '2018-07-19 19:35:12', '2018-07-19 19:35:12'),
(191, 49, 'Blaise Senger V', 'Maxime cumque qui aut sed. Aut facere sed vel. Voluptas dignissimos porro ipsum asperiores a itaque.', 3, '2018-07-19 19:35:12', '2018-07-19 19:35:12'),
(192, 39, 'Elwin Wintheiser MD', 'Sapiente quos quidem consequatur ut excepturi. Voluptatem harum quibusdam et doloremque. Molestias corrupti sint quae excepturi molestiae. Unde ad sit hic quo in.', 5, '2018-07-19 19:35:12', '2018-07-19 19:35:12'),
(193, 32, 'Henri Koelpin', 'Fugit sint eveniet at necessitatibus exercitationem. Non veritatis molestias aspernatur est est. Perspiciatis nihil expedita dolorum provident.', 1, '2018-07-19 19:35:12', '2018-07-19 19:35:12'),
(194, 9, 'George Bauch', 'Minus sit et est cumque omnis nesciunt laborum. Ratione inventore dolor qui laboriosam consectetur ipsam nihil. Omnis illum deserunt enim. Et nostrum dolore nisi veritatis consequatur qui facilis non.', 5, '2018-07-19 19:35:12', '2018-07-19 19:35:12'),
(195, 23, 'Prof. Lilla Eichmann DVM', 'Numquam vel voluptatem ab ut. Soluta eveniet est et velit fugit.', 5, '2018-07-19 19:35:12', '2018-07-19 19:35:12'),
(196, 6, 'Dedrick Gibson', 'Aperiam excepturi quod cumque enim ut. Esse quo et natus sit. Ipsa ut porro enim nam commodi.', 1, '2018-07-19 19:35:12', '2018-07-19 19:35:12'),
(197, 41, 'Austin Schiller', 'Quibusdam saepe possimus sed rerum. Deserunt non porro rem iure maiores vel saepe. Necessitatibus cupiditate voluptatibus voluptate quas sit quisquam vel.', 5, '2018-07-19 19:35:12', '2018-07-19 19:35:12'),
(198, 35, 'Antwan Rolfson V', 'Eos quis voluptates et enim modi. Deserunt sequi suscipit debitis et. Et iure vel quia ut.', 5, '2018-07-19 19:35:12', '2018-07-19 19:35:12'),
(199, 20, 'Erik Berge', 'Aspernatur qui corrupti consequatur est voluptatem animi. Temporibus nisi voluptatem ut reiciendis eum. Et illo et corrupti sit commodi ex. Delectus totam et sit quas. Rerum nulla natus possimus quasi.', 1, '2018-07-19 19:35:12', '2018-07-19 19:35:12'),
(200, 40, 'Obie Ullrich', 'Assumenda et et voluptatem in officia. Molestiae veritatis voluptatem deleniti ducimus amet facere aut illum. Animi rerum fugit autem ea in deserunt. Tenetur inventore dolor est numquam ut natus.', 5, '2018-07-19 19:35:12', '2018-07-19 19:35:12'),
(201, 3, 'Ms. Valentine Lubowitz', 'Dolore inventore harum vel. Voluptas quis nihil ullam impedit hic ipsum aut quis. Libero aliquid ipsam beatae asperiores occaecati aliquam. Doloribus odio fugiat ducimus vel dolores.', 5, '2018-07-19 19:35:12', '2018-07-19 19:35:12'),
(202, 25, 'Fernando Wilderman', 'Illum culpa ut ea est omnis est. Et minus facilis rerum incidunt repudiandae. Et eum tenetur et inventore.', 0, '2018-07-19 19:35:12', '2018-07-19 19:35:12'),
(203, 44, 'Miller Pagac', 'Iste veniam autem non maiores voluptas odio. Non adipisci quo dolore.', 2, '2018-07-19 19:35:12', '2018-07-19 19:35:12'),
(204, 30, 'Dr. Connor Harris', 'Explicabo odit enim aliquid rerum libero ut. In assumenda nulla quis consequatur. Nisi et inventore animi beatae temporibus dolorem ut. Voluptas veniam et vitae ut at sit.', 0, '2018-07-19 19:35:12', '2018-07-19 19:35:12'),
(205, 42, 'Stuart Larson', 'Ea quisquam qui unde libero quam cum consequatur. Est molestiae dolor nobis nihil sapiente fuga. Ut at accusantium deserunt minus ut sequi et accusamus. Repellendus ut quia perspiciatis ad aut et.', 0, '2018-07-19 19:35:12', '2018-07-19 19:35:12'),
(206, 27, 'Miss Gabrielle Braun I', 'Excepturi expedita sed magni explicabo nihil. Quia optio voluptatum ut eos aut. Eaque quis architecto tempora quibusdam.', 5, '2018-07-19 19:35:13', '2018-07-19 19:35:13'),
(207, 48, 'Mrs. Raquel Conn IV', 'Totam sed rerum numquam. Non harum aut dicta exercitationem. Animi nisi enim pariatur aut eius ducimus aut.', 4, '2018-07-19 19:35:13', '2018-07-19 19:35:13'),
(208, 10, 'Lea Mayer', 'Veritatis officiis eos quia saepe quia. Sed voluptatem est quae alias. Expedita et optio vitae ipsum nam. Quas molestiae rem velit non numquam quia quis aliquid.', 3, '2018-07-19 19:35:13', '2018-07-19 19:35:13'),
(209, 42, 'Alexandre Feeney', 'Libero ipsa rerum ea neque sit ut. Et et necessitatibus voluptas consequatur id illo consequatur. Eos ut voluptatem quia commodi reiciendis. Aut tempora pariatur veritatis natus.', 3, '2018-07-19 19:35:13', '2018-07-19 19:35:13'),
(210, 50, 'Stanley Feest', 'Dolorem harum aut praesentium possimus non velit vitae. Nam nihil alias accusantium rerum. Illo corporis non dolores. Cum facere ad fugiat totam saepe nobis.', 0, '2018-07-19 19:35:13', '2018-07-19 19:35:13'),
(211, 43, 'Bernardo Koch', 'Reiciendis quis et doloribus voluptatem aut. Harum quos error voluptatem ea et.', 4, '2018-07-19 19:35:13', '2018-07-19 19:35:13');
INSERT INTO `reviews` (`id`, `product_id`, `customer`, `review`, `star`, `created_at`, `updated_at`) VALUES
(212, 15, 'Myriam Berge III', 'Vero magni labore aut fugit sit atque. Praesentium consectetur natus odio. Ut quas temporibus consequatur architecto porro accusamus ex. Veritatis quis eaque inventore ipsam.', 5, '2018-07-19 19:35:13', '2018-07-19 19:35:13'),
(213, 8, 'Emmet Terry', 'Inventore quis occaecati voluptatem aperiam animi id nobis eos. Consectetur quia impedit amet perspiciatis. Omnis veritatis illum unde quibusdam aut aut commodi.', 1, '2018-07-19 19:35:13', '2018-07-19 19:35:13'),
(214, 38, 'Harmon Mante', 'Reiciendis et dolorem laborum molestiae consectetur. Sed veniam et illum eum deleniti eos.', 3, '2018-07-19 19:35:13', '2018-07-19 19:35:13'),
(215, 30, 'Zander Rosenbaum', 'Voluptatibus porro esse iste voluptatibus voluptate ex. Neque nulla sit impedit nisi. Soluta et eaque quasi nam aut delectus. Aut itaque eum quis quod id esse.', 0, '2018-07-19 19:35:13', '2018-07-19 19:35:13'),
(216, 29, 'Adalberto Stokes', 'Asperiores voluptas harum sed est omnis sunt soluta. Consectetur itaque asperiores odit quia optio. Culpa qui ut facere commodi est. Explicabo tempora suscipit accusantium inventore repellendus quis consectetur debitis. Omnis labore excepturi tempore aut autem voluptas ratione quas.', 5, '2018-07-19 19:35:13', '2018-07-19 19:35:13'),
(217, 46, 'Kennith Dickens Sr.', 'Eligendi expedita animi sed et ut. Voluptatem harum aut nesciunt neque corporis. Odit modi natus molestiae blanditiis. Ut voluptas voluptas quo consectetur ut quo et earum. Mollitia atque sit ea mollitia.', 3, '2018-07-19 19:35:13', '2018-07-19 19:35:13'),
(218, 18, 'Vanessa O\'Connell', 'Vero dolore eos quia quisquam. Natus a nesciunt quis ratione recusandae perferendis nemo. Illo ipsum perferendis molestias cum vel qui fuga. Amet ex doloremque nisi.', 1, '2018-07-19 19:35:13', '2018-07-19 19:35:13'),
(219, 25, 'Prof. Lyric McCullough', 'Velit aspernatur eveniet unde exercitationem. Cumque tempora aliquam excepturi reprehenderit labore eius neque. Ab saepe ex iste doloremque consequatur placeat beatae. Officia amet possimus et in.', 5, '2018-07-19 19:35:13', '2018-07-19 19:35:13'),
(220, 24, 'Brett Dietrich', 'Pariatur qui perferendis rerum rerum perferendis unde dolores aut. Aut quidem quisquam ipsam. Perspiciatis debitis magnam similique officia dignissimos ut deleniti a. At voluptatem accusantium officia quod quo ad tempora.', 0, '2018-07-19 19:35:13', '2018-07-19 19:35:13'),
(221, 20, 'Ms. Princess Gaylord MD', 'Sint quam debitis commodi voluptatem. Atque itaque laborum voluptatem quia aperiam molestias sed. Illo et at delectus optio ad. Ratione perferendis quasi magnam deserunt hic ex.', 5, '2018-07-19 19:35:13', '2018-07-19 19:35:13'),
(222, 8, 'Nick Haley', 'Asperiores facere saepe deserunt minima. In ad eos accusantium magni ducimus exercitationem. Inventore ea ut et iusto quos necessitatibus maiores. Alias velit at voluptate et ut voluptate labore quis.', 0, '2018-07-19 19:35:13', '2018-07-19 19:35:13'),
(223, 16, 'Dexter White', 'Numquam enim laboriosam voluptatem occaecati magnam aut. Voluptatem voluptate suscipit voluptas culpa.', 4, '2018-07-19 19:35:14', '2018-07-19 19:35:14'),
(224, 14, 'Mohammad Streich IV', 'Dignissimos nisi deserunt delectus consequatur eius laudantium nobis. Voluptas omnis neque et perferendis. Aut ut itaque odit dolorem. Porro et sapiente tenetur et sunt adipisci hic provident. Eligendi tempore voluptatum molestias voluptas.', 4, '2018-07-19 19:35:14', '2018-07-19 19:35:14'),
(225, 30, 'Leonie Kunde', 'Voluptas ipsum consectetur dolor quia qui exercitationem. Vel expedita non soluta quam. Ipsa animi quidem ea enim dolore omnis sunt voluptatem. Expedita sapiente vero est voluptatem minima voluptatum.', 1, '2018-07-19 19:35:14', '2018-07-19 19:35:14'),
(226, 39, 'Geraldine Romaguera', 'Quis quo blanditiis ut fugit molestiae rerum. Molestiae aliquam et itaque incidunt dolorem at. Excepturi autem eaque aliquam ut ut. Necessitatibus neque deleniti omnis est ad.', 5, '2018-07-19 19:35:14', '2018-07-19 19:35:14'),
(227, 9, 'Wyatt Kilback II', 'Ratione ut veritatis exercitationem assumenda soluta in error hic. Id officia quibusdam commodi animi minima voluptates. Quidem et qui dolores porro earum. Molestiae voluptatem recusandae dolor quis.', 4, '2018-07-19 19:35:14', '2018-07-19 19:35:14'),
(228, 18, 'Diamond Trantow', 'Rerum perspiciatis adipisci iusto. Ea consequuntur tenetur saepe possimus adipisci at. Omnis ut et sit placeat cum ut porro. Accusamus deserunt aut sit unde.', 3, '2018-07-19 19:35:14', '2018-07-19 19:35:14'),
(229, 28, 'Florine Cummerata DVM', 'Non qui praesentium aspernatur amet voluptatem voluptas. Consequuntur fugiat commodi quas debitis neque. Magni eum veniam error esse nobis.', 0, '2018-07-19 19:35:14', '2018-07-19 19:35:14'),
(230, 11, 'Zane Sipes', 'Ut ut aut recusandae laborum mollitia commodi. Et at quis impedit eos enim aut vitae sed. Porro quod possimus ut dolorem vitae id.', 2, '2018-07-19 19:35:14', '2018-07-19 19:35:14'),
(231, 35, 'Salma Friesen', 'Dolorem cumque aut sunt odit ea deleniti et. Et ducimus numquam aliquid quam nihil iste. Commodi quisquam molestias impedit corporis eaque. Sed vitae voluptatem hic.', 0, '2018-07-19 19:35:14', '2018-07-19 19:35:14'),
(232, 17, 'Beulah Willms', 'Laudantium aut consequatur sunt accusantium sint tempore incidunt voluptas. Sapiente laboriosam quas perferendis totam. Atque quo non tenetur laboriosam. Aut recusandae ab id corporis deserunt qui.', 0, '2018-07-19 19:35:14', '2018-07-19 19:35:14'),
(233, 12, 'Carlee Conroy', 'Est distinctio dolores nobis qui. Et cum perspiciatis ipsam. Cumque incidunt aliquid et esse.', 1, '2018-07-19 19:35:14', '2018-07-19 19:35:14'),
(234, 28, 'Sonya Kiehn III', 'Qui praesentium ut impedit rem. Minima cumque enim exercitationem deleniti ea reiciendis et numquam. Omnis pariatur qui aut ratione repellat. Et illo magni debitis alias ipsam sunt nulla.', 1, '2018-07-19 19:35:14', '2018-07-19 19:35:14'),
(235, 21, 'Alden Koss III', 'Et dolores vel cupiditate dolorem aut nihil. Et et veniam animi eligendi. Nam cupiditate corporis voluptatum.', 2, '2018-07-19 19:35:14', '2018-07-19 19:35:14'),
(236, 26, 'Madisyn Walker', 'Sit voluptatibus quos explicabo quidem alias cupiditate. Numquam ut sit ea odit aut veritatis debitis tenetur. Quas iure rerum ipsam sit consequatur reprehenderit. Expedita a aut et voluptas quasi vitae.', 4, '2018-07-19 19:35:14', '2018-07-19 19:35:14'),
(237, 8, 'Stefan Macejkovic', 'Nostrum inventore aut non odit officiis cupiditate facilis. In illo architecto at tempora ex ipsum. Ipsa quam cumque reiciendis laudantium modi modi non. Quo autem assumenda autem aut.', 1, '2018-07-19 19:35:14', '2018-07-19 19:35:14'),
(238, 40, 'Nestor Prohaska IV', 'Ut occaecati odio cumque optio aliquid odio repudiandae. Voluptatibus eos nulla et totam nam accusantium. Autem error dolorem fuga id.', 1, '2018-07-19 19:35:15', '2018-07-19 19:35:15'),
(239, 5, 'Mr. Kristian Christiansen', 'Id modi quibusdam consectetur sit harum perferendis iure. Hic quaerat excepturi velit vel vel. In temporibus praesentium animi corporis incidunt suscipit ut.', 2, '2018-07-19 19:35:15', '2018-07-19 19:35:15'),
(240, 4, 'Kendall Hackett', 'Necessitatibus labore quam libero vitae vitae. Omnis nulla nam sit optio error ut consequuntur. Quis sunt iusto quas dolorem qui et quia.', 1, '2018-07-19 19:35:15', '2018-07-19 19:35:15'),
(241, 30, 'Krystal Lebsack', 'Dolorem est saepe quia sint iste. Sed eligendi rem soluta molestiae. Et quidem enim expedita. Deleniti numquam deserunt aut id.', 0, '2018-07-19 19:35:15', '2018-07-19 19:35:15'),
(242, 10, 'Santa Turner', 'Architecto et non commodi et. Debitis distinctio aliquid nam et beatae. Non qui quam rerum eos sed autem est.', 0, '2018-07-19 19:35:15', '2018-07-19 19:35:15'),
(243, 16, 'Prof. Hans Denesik V', 'Vitae fuga et ex velit omnis pariatur minus beatae. Quis voluptas hic sit qui. Impedit sed error repellendus optio nulla vel quia. Sit et ullam nobis impedit soluta in quia. Veniam quam tempora qui iste placeat non.', 0, '2018-07-19 19:35:15', '2018-07-19 19:35:15'),
(244, 42, 'Esperanza Harris', 'Expedita consequatur alias facilis cupiditate tempora. Quos quae ut non. Suscipit commodi aut temporibus est a voluptatem voluptatem.', 4, '2018-07-19 19:35:15', '2018-07-19 19:35:15'),
(245, 18, 'Prof. Christelle Bergstrom V', 'Aspernatur sed placeat mollitia reiciendis voluptates. Repellat molestias illo ea enim tenetur ex. Eaque molestiae sit vel dolorem nulla.', 2, '2018-07-19 19:35:15', '2018-07-19 19:35:15'),
(246, 38, 'Logan Ryan', 'Maiores voluptatibus quia consequatur sint atque assumenda sequi. Adipisci optio nihil cumque enim quis quasi sed debitis. Iusto iure occaecati voluptatem nihil dolorem.', 2, '2018-07-19 19:35:15', '2018-07-19 19:35:15'),
(247, 37, 'Mr. George Mante', 'Ducimus quaerat qui incidunt laudantium. Sapiente velit est fugiat qui. Ex vel non magni illo autem. Voluptatem voluptatem autem commodi voluptatem facere quia.', 2, '2018-07-19 19:35:15', '2018-07-19 19:35:15'),
(248, 32, 'Malika D\'Amore Sr.', 'Facilis ea illo ut nobis quia voluptas voluptas asperiores. Dolore ea est reprehenderit eveniet fugit. Distinctio fuga qui ducimus ut eum vitae.', 5, '2018-07-19 19:35:15', '2018-07-19 19:35:15'),
(249, 5, 'Lionel Connelly III', 'Illo delectus est accusamus molestias ut dolorum expedita. Et vel ex vero suscipit sed est voluptatum. Voluptatem sequi esse nihil tenetur et ut dicta dolore. Velit aliquam nihil fuga voluptatibus.', 4, '2018-07-19 19:35:15', '2018-07-19 19:35:15'),
(250, 26, 'Rupert Gerlach IV', 'Enim necessitatibus omnis unde est nemo accusantium accusantium. Voluptas deserunt aut qui. Aut ea unde porro.', 1, '2018-07-19 19:35:15', '2018-07-19 19:35:15'),
(251, 33, 'Prof. Augusta Jast', 'Consequatur qui similique rerum quo quae sed. Natus ut ex maxime assumenda qui. Totam velit corporis debitis dolorem.', 4, '2018-07-19 19:35:15', '2018-07-19 19:35:15'),
(252, 1, 'Aaron Von Jr.', 'Voluptatibus debitis nisi et quasi soluta ullam non exercitationem. Laborum rerum architecto adipisci ut. Doloremque rerum cumque voluptas dignissimos doloremque impedit.', 0, '2018-07-19 19:35:15', '2018-07-19 19:35:15'),
(253, 8, 'Stanley Okuneva MD', 'Voluptas rerum et repellat tempora sed quo eos. Consequuntur consequuntur perferendis eos dolorum molestias. Aut unde sint soluta in et. Nulla velit ipsa quis illo dolore aut quae.', 4, '2018-07-19 19:35:15', '2018-07-19 19:35:15'),
(254, 18, 'Luz Hauck', 'Consequatur ipsum quod atque. Quia et perferendis vitae nemo. Et blanditiis reiciendis aut cum aspernatur.', 5, '2018-07-19 19:35:15', '2018-07-19 19:35:15'),
(255, 5, 'Eulah Weimann', 'Natus assumenda dignissimos unde repellendus in. Quis et repellat soluta impedit incidunt at omnis. Nostrum dicta nihil est quia inventore. Quidem asperiores quis corporis earum earum ut quis.', 3, '2018-07-19 19:35:15', '2018-07-19 19:35:15'),
(256, 1, 'Brain Homenick', 'Sit rerum officiis reprehenderit ut recusandae eos deserunt. Veritatis et nostrum quos et adipisci. Eligendi quis praesentium saepe ut deleniti et iusto quod.', 1, '2018-07-19 19:35:15', '2018-07-19 19:35:15'),
(257, 29, 'Stephania Shields', 'Illum debitis molestiae est quae. Et et eaque veniam autem. Impedit et quidem minima ipsam.', 4, '2018-07-19 19:35:15', '2018-07-19 19:35:15'),
(258, 29, 'Andreanne Considine III', 'Occaecati assumenda repellendus doloremque iste eos. Aspernatur aut et laudantium iure vitae sunt. Alias cum iure odio culpa suscipit. Occaecati repellat quae consequatur pariatur.', 1, '2018-07-19 19:35:15', '2018-07-19 19:35:15'),
(259, 3, 'Dedrick Cole', 'Quia quia ut dolores explicabo commodi esse officia. Cum necessitatibus sed possimus corporis ut natus velit. Ut soluta et molestiae est. Mollitia at perspiciatis qui consequuntur et in dolore sunt.', 3, '2018-07-19 19:35:15', '2018-07-19 19:35:15'),
(260, 47, 'Talon Bauch', 'Dolorem voluptas optio ipsa sunt ipsam consectetur. Qui aut saepe est sapiente nihil ducimus. Ratione qui et sequi aut et magnam eius.', 1, '2018-07-19 19:35:16', '2018-07-19 19:35:16'),
(261, 23, 'Prof. Javonte Conn DDS', 'Nulla velit rerum non explicabo itaque. Officiis nemo voluptatibus error quo vitae aliquid. In reiciendis consequatur officiis totam pariatur occaecati commodi.', 2, '2018-07-19 19:35:16', '2018-07-19 19:35:16'),
(262, 36, 'Tia Koelpin', 'Consectetur et nobis ut totam sequi voluptas. Molestiae aut est quia quasi sequi. Voluptates aut qui et voluptatem doloremque totam.', 1, '2018-07-19 19:35:16', '2018-07-19 19:35:16'),
(263, 3, 'Oscar Deckow', 'Beatae asperiores vel error. Cupiditate autem adipisci quam reprehenderit. Accusamus eos esse dolorem qui. Quos deleniti et sint distinctio nisi vel molestiae mollitia.', 0, '2018-07-19 19:35:16', '2018-07-19 19:35:16'),
(264, 15, 'Candelario Towne', 'Accusantium modi ipsum sint est et laudantium corrupti. Consequuntur repellat nihil et ex nemo. Et in est animi rerum autem inventore aspernatur.', 0, '2018-07-19 19:35:16', '2018-07-19 19:35:16'),
(265, 50, 'Akeem Wisoky PhD', 'Recusandae animi voluptatem alias. Neque eaque nobis qui id. Dolor facere maxime quidem eaque. Qui quaerat rerum nesciunt qui.', 1, '2018-07-19 19:35:16', '2018-07-19 19:35:16'),
(266, 10, 'Leonard Runte', 'Pariatur facilis voluptas vitae dolores placeat minus eum. Consectetur saepe et et veritatis quae culpa amet. Quia et vel repellat illum maxime qui quidem et. Velit labore autem sed iusto.', 4, '2018-07-19 19:35:16', '2018-07-19 19:35:16'),
(267, 21, 'Prof. Ulises Blick III', 'Sed quas voluptate molestiae repudiandae. Voluptas assumenda eum quia blanditiis iure excepturi accusantium.', 4, '2018-07-19 19:35:16', '2018-07-19 19:35:16'),
(268, 13, 'Stanford Borer', 'Laborum et accusantium laborum ut debitis ratione. Sed dignissimos magnam consequatur aperiam. Consequatur placeat nostrum velit ipsum rem minus. Rerum adipisci quis iusto qui cupiditate.', 5, '2018-07-19 19:35:16', '2018-07-19 19:35:16'),
(269, 15, 'Dr. Jaydon Adams III', 'Quibusdam odio dolor temporibus. Fugiat delectus neque est et et fugiat libero. Alias aliquid deleniti adipisci accusantium maiores sit. Esse et tempora et.', 1, '2018-07-19 19:35:16', '2018-07-19 19:35:16'),
(270, 38, 'Nikita Champlin PhD', 'Eos rerum harum ullam. Consequatur quo eos et sequi nihil ab nihil. Alias quos repudiandae voluptatem ut non. Dolore voluptatum repellat aut inventore dolorem qui.', 1, '2018-07-19 19:35:16', '2018-07-19 19:35:16'),
(271, 39, 'Jacinthe Smith I', 'Quia ea corrupti ipsa nihil quis repudiandae. Libero architecto ut reiciendis error. A et molestias culpa.', 0, '2018-07-19 19:35:16', '2018-07-19 19:35:16'),
(272, 17, 'Mrs. Madie Schroeder V', 'Et culpa aut et ut beatae ea ut. Quis sint qui vitae dolorum. Autem magnam rerum sequi temporibus. Dignissimos et sunt exercitationem omnis dolores vero natus molestias.', 2, '2018-07-19 19:35:16', '2018-07-19 19:35:16'),
(273, 35, 'Eddie Cartwright', 'In ut similique consequatur ratione et nobis qui. Enim delectus veniam dolores. Aliquid recusandae non placeat dolores sed consequatur ex. Ut magni qui ipsa deleniti.', 3, '2018-07-19 19:35:16', '2018-07-19 19:35:16'),
(274, 46, 'Dr. Tamara Aufderhar V', 'Itaque a exercitationem consequatur quaerat adipisci nihil. Optio nobis exercitationem ab alias perferendis. Ut animi quo molestias placeat aut occaecati optio. Fugit quia natus voluptate optio quos soluta voluptas.', 0, '2018-07-19 19:35:16', '2018-07-19 19:35:16'),
(275, 27, 'Virginia Brown', 'Rerum adipisci et maxime illum omnis. Quos voluptatem molestiae repellat sit. Voluptatum quia reiciendis consequatur et eius impedit aut.', 0, '2018-07-19 19:35:16', '2018-07-19 19:35:16'),
(276, 17, 'Hunter Wilderman', 'Adipisci dolorem laboriosam dolores assumenda molestiae unde illo. Itaque ullam magnam assumenda expedita eum quia placeat. Ducimus excepturi nihil voluptatem iusto. Eligendi qui ut perspiciatis quaerat hic. Ullam non corporis nulla.', 2, '2018-07-19 19:35:16', '2018-07-19 19:35:16'),
(277, 40, 'Dagmar Anderson', 'Rem perferendis libero quisquam recusandae. Possimus quaerat nihil consequuntur qui. Et illum excepturi deserunt debitis alias. Necessitatibus et rerum maiores ab est et.', 4, '2018-07-19 19:35:16', '2018-07-19 19:35:16'),
(278, 1, 'Maggie Bergstrom', 'Ea eos omnis fuga vel beatae voluptas mollitia. Sit repellat rerum aliquid. Voluptatem in delectus necessitatibus quam incidunt inventore officiis consequuntur. Delectus soluta et fugiat veritatis.', 4, '2018-07-19 19:35:17', '2018-07-19 19:35:17'),
(279, 22, 'Vernie Kunde', 'Aspernatur assumenda animi sed sed minima ea. Et iste molestias qui libero. Provident iste tempora aut cumque suscipit.', 0, '2018-07-19 19:35:17', '2018-07-19 19:35:17'),
(280, 1, 'Jerod Monahan', 'Eius inventore placeat nam vel. Voluptatibus consequatur aut commodi enim tempore eos. Ut unde autem non veritatis.', 1, '2018-07-19 19:35:17', '2018-07-19 19:35:17'),
(281, 18, 'Lennie Paucek III', 'Temporibus est vel officiis non. Accusamus officia est pariatur laudantium a sunt sed. Maxime et aut eum quasi veritatis.', 2, '2018-07-19 19:35:17', '2018-07-19 19:35:17'),
(282, 42, 'Miss Elenor Bogan', 'Dolorum reprehenderit laudantium voluptatibus voluptate. Ut quo asperiores provident voluptate.', 4, '2018-07-19 19:35:17', '2018-07-19 19:35:17'),
(283, 3, 'Stacy Will', 'Aliquid cumque dolor quibusdam sint. Ex eos necessitatibus quis vel quo itaque asperiores. Error fuga ad dolorum deserunt incidunt.', 2, '2018-07-19 19:35:17', '2018-07-19 19:35:17'),
(284, 16, 'Deion Johns', 'Quaerat error quis iusto. Ex dolores exercitationem qui officia amet consequatur. Sunt beatae odit rem rerum. Laborum facere et qui rerum ut reiciendis nesciunt.', 1, '2018-07-19 19:35:17', '2018-07-19 19:35:17'),
(285, 13, 'Lamar Marks', 'Modi ut incidunt est iste et tempora ex. Voluptatibus quas minima vel enim asperiores eum. Fuga fugiat nulla omnis ducimus ad sit. Dicta quisquam quos et ea similique molestias laborum.', 4, '2018-07-19 19:35:17', '2018-07-19 19:35:17'),
(286, 31, 'Cielo Toy IV', 'Et maiores et magnam qui blanditiis. Accusamus consequatur eos nihil rerum. Aliquam dolores omnis aperiam natus voluptatem impedit.', 4, '2018-07-19 19:35:17', '2018-07-19 19:35:17'),
(287, 19, 'Alvis Lynch', 'Consequuntur eos praesentium sit sit ut. Repellendus est suscipit et nostrum. Adipisci totam eum nihil est officia.', 4, '2018-07-19 19:35:17', '2018-07-19 19:35:17'),
(288, 38, 'Dr. Robert Adams', 'Vero corrupti quos veniam qui aspernatur ut. Libero dolorem error distinctio optio impedit. Omnis quia non explicabo error quisquam facere praesentium.', 3, '2018-07-19 19:35:17', '2018-07-19 19:35:17'),
(289, 50, 'Brian Douglas', 'Ducimus est officiis eligendi qui. Praesentium excepturi quo aut molestiae. Non aspernatur voluptatibus ratione cumque. Quia aut et quis consequatur dolores.', 1, '2018-07-19 19:35:17', '2018-07-19 19:35:17'),
(290, 3, 'Valentin Kutch', 'Qui dolores ipsum maiores harum amet. Sunt quo ipsa ut quia hic harum. At suscipit quia in dolorem voluptatem laboriosam rerum. Et quasi non rerum et quidem quo.', 0, '2018-07-19 19:35:17', '2018-07-19 19:35:17'),
(291, 4, 'Libbie Batz Jr.', 'Ut quia saepe qui molestiae perspiciatis. Sapiente aliquam dolor et qui maxime deserunt sit. Saepe aut sunt quas voluptas ab quas.', 2, '2018-07-19 19:35:17', '2018-07-19 19:35:17'),
(292, 19, 'Dr. Marco Kub II', 'Dignissimos aspernatur rerum laudantium nihil. Facere sed libero nobis voluptas quo dicta ullam quia. Exercitationem velit mollitia omnis et debitis. Rerum est doloremque ad sit.', 0, '2018-07-19 19:35:17', '2018-07-19 19:35:17'),
(293, 2, 'Rodger Sporer IV', 'Aut tempora et temporibus ea neque molestiae repellat. Reiciendis perferendis dolorum consequatur voluptas delectus.', 2, '2018-07-19 19:35:17', '2018-07-19 19:35:17'),
(294, 44, 'Katheryn McCullough', 'Aspernatur qui quia commodi ex omnis sit non. Accusantium aspernatur autem expedita aut. A non enim consequatur sit culpa eius et.', 5, '2018-07-19 19:35:17', '2018-07-19 19:35:17'),
(295, 38, 'Meaghan Muller III', 'Et et vitae molestiae ratione ut voluptatem voluptatum. Illo nihil sit saepe doloremque. Reiciendis laudantium consequatur neque vitae.', 1, '2018-07-19 19:35:17', '2018-07-19 19:35:17'),
(296, 24, 'Dino Carroll', 'Quae officiis nobis ut neque necessitatibus ipsum. Aut eos nulla in aut quidem. Voluptatem nisi aut quam labore nemo ad.', 4, '2018-07-19 19:35:17', '2018-07-19 19:35:17'),
(297, 30, 'Arnold Yundt', 'Est suscipit asperiores excepturi vel ipsam. Quibusdam qui consequatur sunt rerum possimus. Qui id eaque et inventore sapiente qui et.', 5, '2018-07-19 19:35:17', '2018-07-19 19:35:17'),
(298, 32, 'Dr. Davin Satterfield', 'Blanditiis et eligendi qui quis. Ipsum sunt sed aut ut qui. Reiciendis maiores occaecati aut repellat optio. Facilis illo excepturi accusamus eos.', 3, '2018-07-19 19:35:17', '2018-07-19 19:35:17'),
(299, 47, 'Abby Krajcik', 'Enim sit fugit at in dignissimos. Vitae praesentium reprehenderit officia corrupti nobis occaecati qui. Repudiandae natus dicta quasi porro quod possimus aut rerum.', 0, '2018-07-19 19:35:17', '2018-07-19 19:35:17'),
(300, 19, 'Janick Barton', 'Et dolorem rerum eum at et doloremque. Maiores voluptatum qui aut perferendis enim. Cumque minima earum sit voluptas.', 3, '2018-07-19 19:35:18', '2018-07-19 19:35:18');

-- --------------------------------------------------------

--
-- Table structure for table `users`
--

CREATE TABLE `users` (
  `id` int(10) UNSIGNED NOT NULL,
  `name` varchar(191) COLLATE utf8mb4_unicode_ci NOT NULL,
  `email` varchar(191) COLLATE utf8mb4_unicode_ci NOT NULL,
  `password` varchar(191) COLLATE utf8mb4_unicode_ci NOT NULL,
  `remember_token` varchar(100) COLLATE utf8mb4_unicode_ci DEFAULT NULL,
  `created_at` timestamp NULL DEFAULT NULL,
  `updated_at` timestamp NULL DEFAULT NULL
) ENGINE=InnoDB DEFAULT CHARSET=utf8mb4 COLLATE=utf8mb4_unicode_ci;

--
-- Indexes for dumped tables
--

--
-- Indexes for table `migrations`
--
ALTER TABLE `migrations`
  ADD PRIMARY KEY (`id`);

--
-- Indexes for table `password_resets`
--
ALTER TABLE `password_resets`
  ADD KEY `password_resets_email_index` (`email`);

--
-- Indexes for table `products`
--
ALTER TABLE `products`
  ADD PRIMARY KEY (`id`);

--
-- Indexes for table `reviews`
--
ALTER TABLE `reviews`
  ADD PRIMARY KEY (`id`),
  ADD KEY `reviews_product_id_index` (`product_id`);

--
-- Indexes for table `users`
--
ALTER TABLE `users`
  ADD PRIMARY KEY (`id`),
  ADD UNIQUE KEY `users_email_unique` (`email`);

--
-- AUTO_INCREMENT for dumped tables
--

--
-- AUTO_INCREMENT for table `migrations`
--
ALTER TABLE `migrations`
  MODIFY `id` int(10) UNSIGNED NOT NULL AUTO_INCREMENT, AUTO_INCREMENT=5;
--
-- AUTO_INCREMENT for table `products`
--
ALTER TABLE `products`
  MODIFY `id` int(10) UNSIGNED NOT NULL AUTO_INCREMENT, AUTO_INCREMENT=51;
--
-- AUTO_INCREMENT for table `reviews`
--
ALTER TABLE `reviews`
  MODIFY `id` int(10) UNSIGNED NOT NULL AUTO_INCREMENT, AUTO_INCREMENT=301;
--
-- AUTO_INCREMENT for table `users`
--
ALTER TABLE `users`
  MODIFY `id` int(10) UNSIGNED NOT NULL AUTO_INCREMENT;
--
-- Constraints for dumped tables
--

--
-- Constraints for table `reviews`
--
ALTER TABLE `reviews`
  ADD CONSTRAINT `reviews_product_id_foreign` FOREIGN KEY (`product_id`) REFERENCES `products` (`id`) ON DELETE CASCADE;

/*!40101 SET CHARACTER_SET_CLIENT=@OLD_CHARACTER_SET_CLIENT */;
/*!40101 SET CHARACTER_SET_RESULTS=@OLD_CHARACTER_SET_RESULTS */;
/*!40101 SET COLLATION_CONNECTION=@OLD_COLLATION_CONNECTION */;
